feature,imp_2017_bin,imp_2018_bin,imp_2017_multi,imp_2018_multi,imp_rank_2017,imp_rank_2018,imp_mean,imp_rank_mean,imp_perm_2017_bin,imp_perm_2018_bin,imp_perm_rank_2017,imp_perm_rank_2018,imp_perm_mean,imp_perm_rank_mean,imp_perm_std_2017_bin,imp_perm_std_2018_bin,c2st_auc,c2st_auc_calibrated,c2st_auc_null,marginal_shift,separation_stability,instability,verdict,flip_corroborated,n_family_flips,cardinality,variance_2017,variance_2018,wasserstein_qn,mmd,ks_statistic,zero_fraction_mean,zero_fraction_2017,zero_fraction_2018,zero_fraction_delta,mutual_info_norm_2017,mutual_info_norm_2018,benign_shift,attack_shift,benign_shift_raw,attack_shift_raw,max_attack_shift,e1_agreement_rate,wasserstein_qn_calibrated,qq_slope,qq_intercept,qq_r2,qq_shape_class,qshift_p25,qshift_p50,qshift_p75,qshift_dominant,n_modes_2017,n_modes_2018,modality_mismatch,max_mode_shift,max_mode_mass_shift,zero_frac_2017,zero_frac_2018,zero_frac_delta,tail_wasserstein_qn,quadrant,imp_rank_delta_L
ACK Flag Count,0.021133910775959833,0.0016257966958748353,0.002948468832368034,0.002673003585312238,8,33,0.011379853735917335,20.5,0.0,-4.998276456458228e-06,45,70,-2.499138228229114e-06,57.5,0.0,6.739474248867377e-06,0.6973493749999999,0.36110543887500757,0.5262901839904849,0.39863876609190296,0.3707220314981956,0.6292779685018044,shifted,False,0,509.0,4112314.3628804637,66453.20872766238,0.1639637278186391,0.013617143350024286,0.1767,0.44942193175524037,0.49460513533591116,0.4042387281745695,0.09036640716134164,0.5225736312823932,0.7094158780810381,0.27769313783223243,0.9506563083823872,0.65430875,0.9764993750000001,0.998940750368418,1.0,0.5045825837622191,0.6596876144286709,3.578966701509864,0.9226366255792711,shape_change,0.0,7.0,2.0,p50,4.0,4.0,False,0.39863876609190296,0.18606000000000003,0.49460513533591116,0.4042387281745695,0.09036640716134164,0.07284344691723459,Q4_underused_stable,-25
Active Max,0.00039352279196717857,6.817308743929529e-05,0.0004970575299581505,0.0004896429895482955,55,60,0.00023084793970323694,57.5,0.0,1.8958979661827988e-06,42,51,9.479489830913994e-07,46.5,0.0,2.8268216936593855e-06,0.5384881250000001,0.052257417133640904,0.5130409001944386,0.10962120310601552,0.014344366214351504,0.9856556337856485,restructured,False,0,21503.0,1486532802986.5872,3493627364718.9717,0.30898249841249203,0.0003182698714165877,0.0447,0.7786223836304228,0.780842968437494,0.7764017988233516,0.004441169614142426,0.06704436061012276,0.13338006460043272,0.048061350719547674,0.09464572047256418,0.5471743750000001,0.557119375,0.4529925021358259,1.0,0.01325036158913717,1.3769094306194172,95226.89959936168,0.8000280474248848,shape_change,0.0,0.0,0.0,none,4.0,2.0,True,,,0.780842968437494,0.7764017988233516,0.004441169614142426,0.10962120310601552,Q3_noise,-5
Active Mean,8.709804880347694e-05,0.0004334637635156325,0.0007731147716657491,0.0011365427043918944,65,46,0.0002602809061595547,55.5,0.0,1.7235436056139974e-06,50,53,8.617718028069987e-07,51.5,0.0,2.43745874240074e-06,0.53498125,0.03131843052965931,0.5199467351750434,0.4921213837107164,0.012689282396616649,0.9873107176033834,shifted,False,0,21571.0,614804989502.3347,2391337071199.402,0.3106969726848633,0.00024483544701681126,0.0512,0.7786223836304228,0.780842968437494,0.7764017988233516,0.004441169614142426,0.0724100649849476,0.1385687121620361,0.09571382552351596,0.0792511561195321,0.559435,0.5506387499999998,0.4461015539714239,0.6,0.022062894453927822,2.206127080277037,71835.8300438632,0.7519706581420151,shape_change,0.0,0.0,0.0,none,4.0,4.0,False,0.4921213837107164,0.14868000000000003,0.780842968437494,0.7764017988233516,0.004441169614142426,0.11155797088985445,Q3_noise,19
Active Min,0.0002521533478984935,0.001127333468592164,0.003580376647949818,0.0038019555579324473,60,36,0.0006897434082453289,48.0,0.0,2.550844536363487e-05,39,26,1.2754222681817435e-05,32.5,0.0,1.8563132737427004e-06,0.5931206249999998,0.15470372455807518,0.5186547169070611,0.48610216259255046,0.01899040134138074,0.9810095986586193,shifted,False,0,18717.0,490800208726.2751,2182594857286.7146,0.30913211656058287,0.0,0.0541,0.7786223836304228,0.780842968437494,0.7764017988233516,0.004441169614142426,0.10942404692125358,0.14678825193703973,0.17522480156680184,0.09626466850568088,0.602045,0.5571325,0.4430283043875049,0.6,0.01637173198214614,3.3129319940875512,66972.98271594179,0.708934014505547,shape_change,0.0,0.0,0.0,none,4.0,4.0,False,0.48610216259255046,0.36654000000000003,0.780842968437494,0.7764017988233516,0.004441169614142426,0.11788131570657857,Q3_noise,24
Active Std,0.00011060175701351491,1.6902543523346493e-06,0.0008236062156993492,0.0007812641607156203,63,69,5.614600568292478e-05,66.0,0.0,0.0,55,59,0.0,57.0,0.0,0.0,0.504680625,-0.006089658132673772,0.5076786934483309,0.06033463107315536,0.013981388168389465,0.9860186118316105,stable,False,0,10787.0,223216376539.75632,323842579431.5756,0.4043293114465572,0.00020302504875391314,0.0167,0.8913264467728252,0.8975356673460447,0.8851172261996059,0.012418441146438863,0.07709162877089186,0.07830180913552097,-0.022011453321055204,0.005322625725480695,0.5093125000000001,0.505995,0.02332654027993123,0.2,0.011835295170114673,0.8181524496665852,249.4276117047773,0.9980791476938718,scale_change,0.0,0.0,0.0,none,4.0,3.0,True,,,0.8975356673460447,0.8851172261996059,0.012418441146438863,0.06033463107315536,Q3_noise,-6
Bwd Bulk Rate Avg,0.000476354860682463,3.7592995666478515e-06,0.01407544608451246,9.236690742136525e-05,51,68,0.0002400570801245554,59.5,7.538554320614862e-06,0.0,30,62,3.769277160307431e-06,46.0,7.435281574744544e-06,0.0,0.55796625,0.09443287633285562,0.5118708062082027,0.5000568347900514,0.008296535956093847,0.9917034640439062,collapsed,False,0,7002.0,94165476641607.02,3.364678975201324e+16,0.3782750780753904,0.0033827675849444905,0.0791,0.8997200947403539,0.8611230690108383,0.9383171204698695,0.07719405145903113,0.1092835307843869,0.0484500389986663,0.07397561544547768,0.23473454764605825,0.5401337500000001,0.6295000000000001,0.6465737907325646,0.6,0.0,1.9353487326820764,-1175237.7079719147,0.34059445868030536,shape_change,0.0,0.0,0.0,none,4.0,4.0,False,0.5000568347900514,0.30744000000000005,0.8611230690108383,0.9383171204698695,0.07719405145903113,0.11647044425222124,Q2_fragile_shortcut,-17
Bwd Bytes/Bulk Avg,0.00023237924417354443,1.449956960836879e-05,0.004827840431680252,0.0001940531664837281,61,65,0.00012343940689095662,63.0,0.0,0.0,51,63,0.0,57.0,0.0,0.0,0.550739375,0.08056369349416041,0.5113738474094653,0.18237833849169244,0.008864136269725473,0.9911358637302745,collapsed,False,0,4167.0,91579981213.895,21268240592.40444,0.37822885114425564,0.00284584572581581,0.0847,0.8997200947403539,0.8611230690108383,0.9383171204698695,0.07719405145903113,0.13550780562453715,0.04841686398609195,0.015995522547205765,0.24732280097699266,0.51374125,0.631,0.6394594166757329,0.6,0.0,0.29949405001917095,-164.02148756054203,0.8303554429529854,shape_change,0.0,0.0,0.0,none,3.0,4.0,True,,,0.8611230690108383,0.9383171204698695,0.07719405145903113,0.18237833849169244,Q3_noise,-4
Bwd Header Length,0.0008833153463700158,0.003032168993481744,0.0046403678949915456,0.015253484921115626,45,28,0.00195774216992588,36.5,0.0,1.7580144777614343e-05,44,31,8.790072388807172e-06,37.5,0.0,6.204756980358421e-06,0.7834118749999999,0.5460388108420555,0.5228928591852734,0.07582691703458516,0.6074278903130927,0.39257210968690726,restructured,False,0,864.0,688329.6391778463,368758.3015346967,0.07582691703458516,0.006479173130242932,0.1768,0.01997531652242624,0.026271452789576943,0.013679180255275536,0.012592272534301407,0.7973761124956636,0.7617834053392164,0.5524045048238979,0.8682677261743582,0.786176875,0.9392643749999999,0.9980912042000206,0.8,0.408104837514588,0.5685993237981632,39.815408345996026,0.9394896920301845,shape_change,-8.0,68.0,-20.0,p50,4.0,3.0,True,,,,,,,Q4_underused_stable,17
Bwd IAT Max,0.012614787316475286,0.005492217792095704,0.01172006136064125,0.012309031174913054,14,20,0.009053502554285494,17.0,7.397585786613388e-06,1.964839710438815e-05,31,28,1.3522991445500768e-05,29.5,9.26520197199825e-06,3.1023784902162177e-06,0.7768118749999999,0.5428321152603912,0.5118027043235499,0.5000186978796605,0.18568511875729007,0.8143148812427099,shifted,False,0,45146.0,199040147611960.38,514454624221711.6,0.08759793958969796,0.010699172165736792,0.156,0.309227917495727,0.24628564353606736,0.37217019145538655,0.1258845479193192,0.39863610397221055,0.465801057423124,0.6335893861715663,0.7483277329331912,0.82295,0.8804137500000001,1.0,0.8,0.6696272195084964,1.6059197768963982,2828312.0594586297,0.7231634870689836,shape_change,-1.0,45036.5,826232.5,p75,4.0,4.0,False,0.5000186978796605,0.16693999999999998,0.24628564353606736,0.37217019145538655,0.1258845479193192,0.18075565127825635,Q1_good,-6
Bwd IAT Mean,0.0030754599384507308,0.0009149959740464092,0.005596406547142536,0.004240894177856858,32,38,0.00199522795624857,35.0,8.92747991794174e-06,1.895897966213885e-05,29,30,1.3943229790040295e-05,29.5,6.4988991609922475e-06,3.083168531561415e-06,0.7559925000000001,0.49074044644189513,0.5208582768940446,0.19354636203181022,0.16662336383769047,0.8333766361623095,restructured,False,0,49328.0,94747266664338.31,42205381497277.83,0.09503104735523678,0.015087837057004005,0.169,0.309227917495727,0.24628564353606736,0.37217019145538655,0.1258845479193192,0.3575593985112539,0.4660019133364946,0.6339427958714237,0.6220366807498114,0.822459375,0.8175100000000001,1.0,1.0,0.7761733069389674,0.5316550222475336,897633.1669334746,0.7508326894380145,shape_change,-1.0,23328.5,386093.1911449753,p75,3.0,4.0,True,,,0.24628564353606736,0.37217019145538655,0.1258845479193192,0.19354636203181022,Q1_good,-6
Bwd IAT Min,0.0021020270508084306,0.00034172540771465444,0.03876145110894126,0.015101342839948228,39,48,0.0012218762292615425,43.5,0.0,2.774905205097748e-05,62,25,1.387452602548874e-05,43.5,0.0,4.524096776428416e-06,0.8502168749999999,0.6857296785016558,0.5233939867885703,0.4496131572691979,0.08194929653884389,0.9180507034611561,shifted,False,0,18101.0,86631108983428.75,30412095654537.246,0.11696634963174816,0.10119163816800669,0.217,0.3467168441016971,0.25169622278519593,0.4417374654181983,0.19004124263300237,0.2338407822626733,0.3504491207474249,0.7379956613544277,0.8959491140872257,0.8739849999999999,0.9507637499999999,0.9778445775375058,1.0,0.6173152573692189,0.1620317107051258,19406.08448990633,0.9934920083314368,scale_change,0.0,-2.0,26385.25,p75,4.0,4.0,False,0.4496131572691979,0.41375999999999996,0.25169622278519593,0.4417374654181983,0.19004124263300237,0.22749835159175796,Q3_noise,-9
Bwd IAT Std,0.0006027671763688153,0.0010851461069470093,0.021702783163396074,0.0043246702149105564,47,37,0.0008439566416579123,42.0,0.0,2.3612547397411365e-05,63,27,1.1806273698705683e-05,45.0,0.0,4.154419439234853e-06,0.6455693750000001,0.25839676469478107,0.5220751365059402,0.1475431884297797,0.10020216548412043,0.8997978345158796,restructured,False,0,46749.0,20467126156420.52,60590084073952.47,0.21669129085645425,0.014102276836549521,0.1593,0.5313585035012571,0.605130097716147,0.4575869092863673,0.1475431884297797,0.21723775296158118,0.4612557629513013,0.2921192997382852,0.7413128859545978,0.6594875,0.875605625,1.0,1.0,0.5165176703875294,1.9931274729293684,931529.0757330251,0.6794904002824451,shape_change,0.0,354.97957392570754,362109.75028697005,p75,3.0,4.0,True,,,0.605130097716147,0.4575869092863673,0.1475431884297797,0.05856684093420467,Q3_noise,10
Bwd IAT Total,0.002677074471770376,0.01978713474885266,0.003770727386425344,0.004029093170638845,33,8,0.011232104610311516,20.5,1.709001277040804e-05,1.3209393683063139e-05,23,39,1.5149703226735588e-05,31.0,9.435025961665e-06,8.473405709795568e-06,0.72238,0.418993641923907,0.5221739037085705,0.23187880235170708,0.1855293468164476,0.8144706531835524,shifted,False,0,49295.0,941550339691939.9,1329456869952825.5,0.08788426022130114,0.014907670887948976,0.1733,0.309227917495727,0.24628564353606736,0.37217019145538655,0.1258845479193192,0.39479798030595203,0.4699348934679708,0.5887553434371722,0.6625172763870782,0.8004849999999999,0.837725625,1.0,1.0,0.6672369434334783,1.1031160196274217,4506833.38822842,0.8473015883237287,shape_change,-1.0,73722.5,2595857.25,p75,4.0,4.0,False,0.23187880235170708,0.28672,0.24628564353606736,0.37217019145538655,0.1258845479193192,0.18076313771568855,Q1_good,25
Bwd Init Win Bytes,0.014572583100851326,0.2236200186994236,0.0241154257470588,0.01001381121082133,13,2,0.11909630090013747,7.5,0.0011131161463093565,9.266475390370768e-05,3,14,0.000602890450106532,8.5,0.00010026959791649013,1.575730391747964e-05,0.7364531249999999,0.4602207569183325,0.5117506306923219,0.14971398626993135,0.23367224708594117,0.7663277529140589,restructured,False,0,2215.0,19563551.16309019,517186553.14288133,0.22024358081790413,0.019793897669214466,0.1514,0.5798580788807125,0.6100711442122707,0.5496450135491543,0.06042613066311642,0.3863365825180052,0.6048411091772571,0.35248413955009117,0.9832609369784083,0.691171875,0.992291875,1.0,1.0,0.28071850398314907,2.704993848621743,8569.307925356421,0.14082809440512534,shape_change,0.0,0.0,8.0,p75,4.0,3.0,True,,,0.6100711442122707,0.5496450135491543,0.06042613066311642,0.14971398626993135,Q1_good,11
Bwd PSH Flags,0.0855515578657427,0.0030037692569070146,0.01972555895065014,0.028833288381133148,3,29,0.044277663561324856,16.0,9.800120616861862e-05,1.5167183729684435e-05,8,34,5.658419494915153e-05,21.0,1.933493152048581e-05,7.425253094989357e-06,0.6214575000000001,0.21788943007929892,0.5159987416633678,0.21529821259106294,0.10182932772799864,0.8981706722720013,restructured,False,0,137.0,649.4856753415127,128.93753459448328,0.263778808794044,0.04954447210612112,0.1931,0.5575163318724283,0.6293472256614412,0.4856854380834156,0.1436617875780256,0.23379390587164273,0.4355516767999285,0.192887286004116,0.4485283105154764,0.617265,0.7355056249999999,0.8982810519027912,1.0,0.49560839809124685,0.7839966476124983,1.0649739975071997,0.7441308555954672,shape_change,0.0,1.0,4.0,p75,4.0,3.0,True,,,0.6293472256614412,0.4856854380834156,0.1436617875780256,0.21529821259106294,Q2_fragile_shortcut,-26
Bwd Packet Length Max,0.0053957599004696875,0.0379489647353355,0.052927091128989426,0.010039252053774204,27,4,0.021672362317902594,15.5,0.0,0.0001004825922095239,57,13,5.024129610476195e-05,35.0,0.0,5.770654616600971e-06,0.783151875,0.5435004805561594,0.524976225026066,0.06664964244821225,0.7165299477547088,0.2834700522452912,restructured,True,1,2120.0,5062597.737624752,330912.3266045104,0.08496899794498973,0.025697445849089284,0.1947,0.12603809716366432,0.1580549153317206,0.09402127899560801,0.0640336363361126,0.8372525043813259,0.8558110534219028,0.47005216730760474,0.9823038127414979,0.7487181250000001,0.9915218750000001,1.0,1.0,4.642906501471671,0.2126251493795042,285.7558060545379,0.6491493373561242,shape_change,11.0,27.0,-275.0,p75,4.0,3.0,True,,,0.1580549153317206,0.09402127899560801,0.0640336363361126,0.06664964244821225,Q4_underused_stable,23
Bwd Packet Length Mean,0.004925212025149529,0.00961580033624756,0.013346090673649228,0.06510463370093253,28,13,0.007270506180698544,20.5,3.4820941385856524e-05,0.00015598069631157877,14,7,9.540081884871765e-05,10.5,9.504467343611178e-06,1.4751157160144143e-05,0.6968587500000001,0.3680992314048145,0.5202708003126338,0.49469045904066095,0.7574220042368248,0.24257799576317518,shifted,False,0,12930.0,449960.3712410878,26573.051363271545,0.060312171260856313,0.0625604879793551,0.1821,0.12603809716366432,0.1580549153317206,0.09402127899560801,0.0640336363361126,0.873836466455324,0.8667777476823222,0.3054118180271964,0.9834274891893341,0.6666568749999999,0.99219875,1.0,1.0,3.7927803232776585,0.18845228152543383,72.75569976102388,0.7876817043167466,shape_change,3.0,3.0,-138.47493131868134,p75,4.0,4.0,False,0.49469045904066095,0.41747999999999996,0.1580549153317206,0.09402127899560801,0.0640336363361126,0.07642852654263271,Q1_good,15
Bwd Packet Length Min,0.0068119455230473275,1.6189457053040783e-05,0.00346925781751994,0.004728508668367241,21,64,0.0034140674900501843,42.5,1.0410384537951068e-05,0.00010806618407441793,27,12,5.92382843061845e-05,19.5,1.9331598773279754e-06,1.551189245119211e-06,0.587334375,0.12980517406408096,0.5257778916851562,0.2977769514898004,0.2623316257253617,0.7376683742746384,shifted,False,0,344.0,5498.311121232858,3358.1643466960586,0.16585079035395175,0.003403918451983401,0.0926,0.5632321878121658,0.5276957656336311,0.5987686099907006,0.07107284435706951,0.4841341639152192,0.31507034036851717,0.24095474506880765,-0.0016830857716930497,0.630733125,0.5,0.0015807652494479625,0.8,0.027407997040321,0.836023456909625,-3.5783836575023242,0.9608721296646464,shape_change,0.0,0.0,-26.0,p75,3.0,3.0,False,0.2977769514898004,0.14739999999999998,0.5276957656336311,0.5987686099907006,0.07107284435706951,0.05391165395826979,Q1_good,-43
Bwd Packet Length Std,0.015713873175670624,0.027669002769496107,0.02563120648583322,0.04703330419108938,12,6,0.021691437972583365,9.0,0.00016430518603865646,6.204756980347319e-05,6,16,0.00011317637792106482,11.0,2.7189153158631766e-05,5.664142269986846e-06,0.730833125,0.43680136187124863,0.5220747054816803,0.5000225968274055,0.25569819585255565,0.7443018041474443,shifted,False,0,14389.0,931193.5049979236,51829.097043567424,0.23006876744383728,0.006796762144755775,0.1967,0.5502764016736563,0.6086477837673099,0.4919050195800028,0.11674276418730706,0.39926972212238826,0.6404146913353385,0.2992954576318321,0.9791931704730548,0.66057375,0.99013375,1.0,1.0,0.4907175711765815,0.20274069311375353,96.5959195918349,0.6519647419227292,shape_change,0.0,21.74396467988301,-148.62903703722964,p75,4.0,4.0,False,0.5000225968274055,0.40092,0.6086477837673099,0.4919050195800028,0.11674276418730706,0.24617574277871387,Q1_good,6
Bwd Packets/s,0.0016064914533386308,0.005027651083075263,0.011785348445594986,0.0017451623144676127,40,22,0.0033170712682069467,31.0,1.8358729575851385e-05,3.4470872112501994e-06,22,49,1.0902908393550793e-05,35.5,9.179364787925691e-06,6.309205521438713e-06,0.8222368750000001,0.6260377251222005,0.524649578468609,0.06309977059885298,0.180856444960198,0.819143555039802,restructured,True,2,68271.0,748565324.2223166,1848015941.9619038,0.06309977059885298,0.015846183629119714,0.2494,0.01932562350683186,0.02622145183717785,0.012429795176485868,0.013791656660691983,0.49325238868378607,0.3666610625907001,0.6202054888254501,0.7334083994946866,0.8173375,0.8718600000000001,1.0,1.0,10.0,0.13882958122900724,116.88368252311334,0.9045340320213991,shape_change,0.3179403697792025,-11.695823502822414,-5665.389407367358,p75,3.0,4.0,True,,,,,,,Q1_good,18
Bwd RST Flags,0.0002607333717775564,0.0006762457389421498,0.0014347907076040964,0.00030920562151660815,59,42,0.0004684895553598531,50.5,0.0,-3.4470872113760245e-07,47,67,-1.7235436056880122e-07,57.0,0.0,1.289781932729909e-06,0.5250462499999999,0.02538732346352671,0.5126743562500485,0.0604694640051884,0.008951520875827531,0.9910484791241725,collapsed,True,1,5.0,0.1619623580789155,0.14930872765934808,,,,0.8618530385897252,0.8771714699327606,0.8465346072466898,0.030636862686070798,0.12661398351981443,0.008736365243700715,0.10661698896513946,0.3579218147153055,0.566356875,0.685251875,0.7428094765280503,1.0,,0.8297872340425536,0.04255319148936175,0.7191489361702128,shape_change,0.0,0.0,0.0,none,2.0,2.0,False,,,,,,,Q3_noise,17
Bwd URG Flags,0.0,0.0,0.0,0.0,70,71,0.0,70.5,0.0,0.0,43,65,0.0,54.0,0.0,0.0,0.5,0.0,0.5,0.00040624895682417095,0.0,1.0,weak,False,0,1.0,1.9047972795680935e-06,0.0,,,,0.9999997619002267,0.9999995238004533,1.0,4.7619954668398634e-07,0.0,0.0037081739546002876,0.0,0.0,0.5,0.5,0.0,0.0,,,,,identical,0.0,0.0,0.0,none,1.0,1.0,False,,,,,,,Q3_noise,-1
CWR Flag Count,1.5576886327199689e-06,0.0007724005865241136,8.426986540131674e-07,0.014001581235280395,69,40,0.0003869791375784168,54.5,0.0,0.00019934738577120174,54,6,9.967369288560087e-05,30.0,0.0,7.150109794104335e-06,0.6475,0.2698191691205708,0.5172428731449313,0.37405769089491175,5.057364745212853e-05,0.9999494263525479,restructured,False,0,9.0,0.0009464826194026503,0.2642361690024292,0.4997178004890024,0.06295775413701099,0.3009,0.8541286356559543,0.9996361835463533,0.7086210877655554,0.29101509578079787,0.0,0.0206626958953176,0.2700273482850486,0.40709339417112217,0.64425,0.7120000000000001,1.0,1.0,0.3270466635306948,,,,identical,0.0,0.0,1.0,p75,1.0,2.0,True,,,0.9996361835463533,0.7086210877655554,0.29101509578079787,0.37405769089491175,Q3_noise,29
Down/Up Ratio,0.002555178510124714,0.001491072554878327,0.05953655600666093,0.004544197957163645,35,34,0.0020231255325015205,34.5,1.0410384537958469e-05,9.996552912738822e-06,26,42,1.0203468725348645e-05,34.0,3.3865990106617063e-06,2.965296541556883e-06,0.6191937500000001,0.2070565567950286,0.51975610207352,0.18462162790813955,-0.07115557284249949,1.0711555728424995,flipped,True,2,1458.0,0.06843224810378194,0.1129812327102123,0.18462162790813955,0.0079580664126222,0.0802,0.019766853089299315,0.026237166422217566,0.013296539756381065,0.0129406266658365,0.22241948958116994,0.23427752732382756,0.2076727500518635,0.5551810631700762,0.6158474999999999,0.786416875,0.996970833071892,0.8,0.030778835028083082,0.8611426253631043,0.15071590275908092,0.9467036732833466,shape_change,0.017857142857142905,0.0,0.0,p25,4.0,3.0,True,,,,,,,Q2_fragile_shortcut,1
ECE Flag Count,3.521514868910318e-06,0.0005131099553855106,1.7889738205533423e-07,0.012283653459053138,68,44,0.00025831573512721047,56.0,0.0,0.0003798024012830766,52,3,0.0001899012006415383,27.5,0.0,1.5323068439093387e-05,0.6405,0.2533652013441946,0.5185062353814457,0.29103277580738485,2.5700872191156457e-05,0.9999742991278089,restructured,False,0,5.0,0.0030604700902672147,0.5119072155932524,0.4997898541492708,0.09096744880843555,0.2877,0.8541569392073001,0.9996733271109925,0.7086405513036077,0.29103277580738485,0.0,0.08800814951227111,0.24818714960530544,0.4079724886361611,0.636573125,0.71175,1.0,1.0,0.3451378204589897,,,,identical,0.0,0.0,1.0,p75,1.0,2.0,True,,,0.9996733271109925,0.7086405513036077,0.29103277580738485,0.1843618006822363,Q3_noise,24
FIN Flag Count,0.005479262916430838,0.07914089056209349,0.0013024096752391144,0.002738428089131375,26,3,0.04231007673926216,14.5,5.8872519456580155e-05,0.03331752530236109,9,2,0.016688198910908836,5.5,1.1029473231485498e-05,0.00020387373126730328,0.51435125,-0.018940928923361296,0.5233788964457943,0.07616062603605858,0.07016042858470399,0.929839571415296,stable,False,0,13.0,0.9565704622147708,0.7516165499947342,,,,0.6545497343956815,0.6334015886016876,0.6756978801896755,0.042296291587987866,0.11976401477015186,0.252540222494868,0.12007995265514297,0.7225508424454349,0.5809737500000001,0.8654093749999999,0.6621875865886804,0.0,,0.8484666986104457,-0.011619549592716874,0.8856011827671362,shape_change,0.0,0.0,-1.0,p75,3.0,2.0,True,,,,,,,Q2_fragile_shortcut,23
FWD Init Win Bytes,0.05657987163075178,0.3900230932492665,0.020296690066085435,0.08907001020481262,4,1,0.22330148244000914,2.5,0.00604986933172504,0.09259982255174094,1,1,0.04932484594173299,1.0,0.00018625464321858965,0.0004750244410368325,0.7557843750000001,0.486319624644364,0.5245766887027321,0.5000235993769765,0.3955908808628803,0.6044091191371197,shifted,False,0,605.0,236089317.46051937,126753414.70823501,0.18423481687408438,0.005249493378609138,0.2204,0.4414901439833425,0.48135393055105813,0.40162635741562697,0.07972757313543116,0.6017525675005421,0.5672478407475383,0.43752212311053124,0.9546858411071724,0.733715625,0.9786699999999999,1.0,1.0,0.15558285603600333,0.5259114649778704,1142.8634715302933,0.6048649392742882,shape_change,0.0,7680.0,-21008.0,p75,4.0,4.0,False,0.5000235993769765,0.65842,0.48135393055105813,0.40162635741562697,0.07972757313543116,0.19049961829809156,Q1_good,3
Flow Bytes/s,0.0006119823535781383,0.0066368694804353895,0.03617239616451608,0.10136939067328941,46,17,0.003624425917006764,31.5,4.271847448375314e-05,3.46432264735815e-05,13,21,3.868085047866732e-05,17.0,1.9331598773678334e-06,6.956372309760124e-06,0.7318568750000001,0.4307729913654047,0.5289346413073498,0.08056337863818137,0.19119143110141582,0.8088085688985842,restructured,True,2,82699.0,15819952251764.084,571894041962.4517,0.05373016085080425,0.007630679385305594,0.1536,0.10364867125920604,0.14393036057829672,0.06336698194011535,0.08056337863818137,0.46022304955552873,0.41543210685788867,0.574916720813323,0.7966760793032526,0.7954293750000001,0.9029393749999999,1.0,1.0,6.293282554031069,0.2662547243759414,13413.794134927455,0.959835318255689,shape_change,90.74593398852849,-1662.3949411852632,43482.36358031151,p75,2.0,4.0,True,,,0.14393036057829672,0.06336698194011535,0.08056337863818137,0.06492253381266903,Q1_good,29
Flow Duration,0.029392339349477256,0.0057533967833947935,0.00834016010670149,0.025698471679052193,6,19,0.017572868066436025,12.5,-6.388398708641792e-06,7.583591864790407e-06,67,44,5.975965780743073e-07,55.5,7.896470433999136e-06,6.503951142405161e-06,0.82277375,0.6344891776264042,0.5151272160722683,0.07160632103160515,0.32394307660418875,0.6760569233958112,restructured,False,0,67068.0,962842506605927.4,1342697350592359.8,0.07160632103160515,0.005531919488802828,0.2369,0.0,0.0,0.0,0.0,0.6677919284166278,0.48509582524046974,0.6031842549425194,0.8238824102949387,0.8144625,0.9142937499999999,1.0,1.0,10.0,1.1090240377289062,4047725.009204365,0.865979475587269,shape_change,1089.0,75799.5,371579.25,p75,4.0,3.0,True,,,,,,,Q4_underused_stable,-13
Flow IAT Max,0.016051981914453103,0.005209179993403123,0.013145056245026059,0.001576673225873353,11,21,0.010630580953928114,16.0,-2.1418517838700523e-05,-3.4470872113464186e-06,71,68,-1.2432802525023472e-05,69.5,5.724339677494518e-06,5.227766593602589e-06,0.8278762499999999,0.6376427842695829,0.5249887610129585,0.43801523420420957,0.2799799733624046,0.7200200266375953,shifted,True,1,61899.0,208560720116044.56,519326787002817.7,0.06965174815874081,0.00930316391260666,0.2445,0.0,0.0,0.0,0.0,0.6425623007494674,0.43572424500448204,0.6763974987560541,0.8381064297571431,0.841320625,0.922041875,1.0,1.0,10.0,1.598405282138082,2212764.9071933134,0.7594320483889611,shape_change,1085.0,43218.0,-1515505.25,p75,4.0,4.0,False,0.43801523420420957,0.19482,,,,,Q4_underused_stable,-10
Flow IAT Mean,0.002431533217038094,0.006279586413551561,0.043527516155169185,0.0025394954983345526,37,18,0.0043555598152948275,27.5,-9.179364788021912e-06,3.4470872112464987e-06,68,50,-2.8661387883877065e-06,59.0,1.2708255099073163e-05,9.185048324351734e-06,0.790415,0.5703276892502471,0.5122213027079019,0.07278335041675209,0.17084861266150564,0.8291513873384944,restructured,True,2,70588.0,16728943910993.436,6603075485641.539,0.07278335041675209,0.02009157800816075,0.2568,0.0,0.0,0.0,0.0,0.4633637718288921,0.36715743412825047,0.5961276433409328,0.7597129978040076,0.8034418749999999,0.8811393750000001,1.0,1.0,10.0,0.564841162786562,397303.86969749955,0.7111070064037269,shape_change,1147.6666666666667,11814.712121212124,-2146.638888888934,p50,3.0,4.0,True,,,,,,,Q4_underused_stable,19
Flow IAT Min,0.005804760014129188,0.016504164002117915,0.006077100811757392,0.002947657114150287,24,9,0.01115446200812355,16.5,2.153872663041382e-05,3.246922918904715e-05,21,22,2.7003977909730487e-05,21.5,1.2120518520533535e-05,6.885551311758868e-06,0.806610625,0.5994863132211719,0.5171466509537949,0.4998947406746754,0.09087824169049265,0.9091217583095074,shifted,True,2,12549.0,5863418687729.043,1974759657386.2998,0.1583571016855084,0.09741265209141137,0.3065,0.05954283559972271,0.03868026057639193,0.0804054106230535,0.041725150046661566,0.2170479045049564,0.4187013088090763,0.6837613808779486,0.8240194923473273,0.8471018750000001,0.9154068750000001,0.9535079304937167,1.0,4.148078485180654,1.0987063587321602,-4199.994299402953,0.7749733737448053,shape_change,1.0,34.0,438.0,p75,4.0,4.0,False,0.4998947406746754,0.11752000000000001,,,,,Q2_fragile_shortcut,15
Flow IAT Std,0.0003623424603241096,0.00030762166096530457,0.0014604601569249214,0.00036484930159304876,56,50,0.0003349820606447071,53.0,0.0,1.079643263518874e-05,41,41,5.39821631759437e-06,41.0,0.0,1.3046676448198254e-05,0.7073,0.39603695575046405,0.51536769875763,0.13810681903409516,0.13660659166969985,0.8633934083303001,restructured,True,1,64419.0,36699696894597.91,33645609193051.004,0.06975682198410993,0.007204891448121309,0.1226,0.29060860981527126,0.2346263738356921,0.3465908457948504,0.11196447195915829,0.34042080298225996,0.4012874374096894,0.498234161650047,0.8029060877206443,0.75875375,0.907876875,1.0,0.8,0.5865023818432448,0.8965624571714855,1030455.3086069176,0.5973752797508864,shape_change,-27.712812921102035,16933.23788222466,-369007.2997864429,p75,3.0,4.0,True,,,0.2346263738356921,0.3465908457948504,0.11196447195915829,0.13810681903409516,Q4_underused_stable,6
Flow Packets/s,0.006425036058897537,0.0028383830501235705,0.020718164876391124,0.002618397201664535,22,31,0.004631709554510554,26.5,-9.884207457711014e-06,-4.308859014183024e-06,69,69,-7.0965332359470185e-06,69.0,6.88452359094427e-06,5.1849737871419265e-06,0.8146725,0.6146547083749244,0.519061205552978,0.07280551562757814,0.1790464301802278,0.8209535698197722,restructured,True,2,69762.0,11419660544.687239,7436873289.615097,0.07280551562757814,0.018944543072651365,0.2616,0.0,0.0,0.0,0.0,0.4908806951196667,0.3647453076894375,0.6367693500346935,0.7595418070357806,0.829055625,0.88549875,1.0,1.0,10.0,0.03268978852206168,916.6780865208951,0.45302394348032793,shape_change,0.08327945817689208,-27.917483058139787,-14732.90511423693,p75,3.0,4.0,True,,,,,,,Q4_underused_stable,-9
Fwd Act Data Pkts,0.029313224530448465,0.0029357184057945303,0.025391997547118354,0.005123625394996803,7,30,0.016124471468121498,18.5,-3.0597882626715035e-06,4.998276456339804e-06,66,48,9.692440968341505e-07,57.0,7.80096002941208e-06,4.71697076295561e-06,0.6802650000000001,0.3352812165154733,0.5189920791407233,0.4555765641597707,0.15300857653608094,0.8469914234639191,shifted,False,0,106.0,126.75879923473384,593411.9517598768,0.1382990784953925,0.021938839438218727,0.1936,0.33511910890056684,0.2775419531800606,0.3926962646210731,0.11515431144101251,0.16366770194682412,0.3965279599060312,0.4121231961002949,0.44271185288594056,0.7107775000000001,0.73455125,0.5654197359160011,1.0,0.15126696295658376,1.0177340712243088,0.6719608286872255,0.8410672697860901,shape_change,0.0,0.0,3.0,p75,4.0,4.0,False,0.4555765641597707,0.29159999999999997,0.2775419531800606,0.3926962646210731,0.11515431144101251,0.2924675889379446,Q4_underused_stable,-23
Fwd Bulk Rate Avg,0.00047316267764394986,9.534023484033491e-05,0.0005574870550558946,0.0001609899878596904,52,57,0.0002842514562421424,54.5,0.0,1.551189245074802e-05,53,33,7.75594622537401e-06,43.0,0.0,0.0,0.5167075000000001,0.02501599061641219,0.50430725494098,0.4991309697945967,0.0003828786235795783,0.9996171213764204,weak,False,0,2162.0,17142616378001.055,16205651922903.504,0.4597901376506883,0.0005618842068286778,0.0344,0.9760333348223535,0.9585811158307778,0.9934855538139293,0.03490443798315157,0.026502958047230143,0.008904401895712281,0.03256654255851875,0.007291115141159206,0.5242775,0.5062412500000001,0.034827564237304036,0.6,0.0,,,,identical,0.0,0.0,0.0,none,4.0,4.0,False,0.4991309697945967,0.30523999999999996,0.9585811158307778,0.9934855538139293,0.03490443798315157,0.2606138356433596,Q3_noise,-5
Fwd Bytes/Bulk Avg,0.0005397359920691271,0.0005041324277575728,0.0025255355935375912,0.0005173935622427583,49,45,0.0005219342099133499,47.0,2.1538726630465632e-05,4.119269217505902e-05,20,18,3.1365709402762325e-05,19.0,0.0,9.2815663687135e-07,0.5187349999999998,0.026896169721670745,0.505433043190933,0.4743139010112813,0.00030784469167840096,0.9996921553083216,weak,False,0,653.0,7051096.883168818,2328969384.6911654,0.4606820575102875,0.0013403656130308583,0.0341,0.9760333348223535,0.9585811158307778,0.9934855538139293,0.03490443798315157,0.026501864676025114,0.007281936767667678,0.03021530180895809,0.015067871441725129,0.521320625,0.5099756249999998,0.042792533213725746,0.6,0.0,,,,identical,0.0,0.0,0.0,none,3.0,3.0,False,0.4743139010112813,0.06749999999999995,0.9585811158307778,0.9934855538139293,0.03490443798315157,0.29646785461156033,Q2_fragile_shortcut,4
Fwd Header Length,0.0015804865497755028,0.0037221344007794845,0.018655953711000647,0.04598049383677644,41,26,0.0026513104752774936,33.5,-1.8795804529088874e-07,3.48155808341429e-05,64,20,1.7313811394426005e-05,42.0,9.610707381347423e-06,1.059103171026698e-05,0.7799862500000001,0.5314918523348232,0.530395039880428,0.5000257479787837,0.5874366952247019,0.4125633047752981,shifted,True,1,770.0,463451.5500364912,219159.35569866898,0.06987763618818094,0.013059358462324422,0.1865,0.0023986642083851087,0.0010219242271281358,0.003775404189642081,0.0027534799625139454,0.7613350474008083,0.7715876173443034,0.5335760336670837,0.9616569813919633,0.773625625,0.981855625,0.9999649756305632,0.8,0.3850142039355751,0.5097047197699023,44.708849020303546,0.8925907584883663,shape_change,-8.0,68.0,-20.0,p50,4.0,4.0,False,0.5000257479787837,0.49177008926737237,,,,,Q4_underused_stable,15
Fwd IAT Max,0.00034962804351583324,0.00017544341278627747,0.003195762714869101,0.005896907874172375,58,53,0.00026253572815105534,55.5,0.0,3.0506721820022786e-05,60,23,1.5253360910011393e-05,41.5,0.0,2.046594637542681e-06,0.792274375,0.5767948883831777,0.5091608789733177,0.5000165793487632,0.11846977537325094,0.881530224626749,shifted,True,1,50506.0,208524193654730.3,211557146762583.97,0.07929383666918334,0.021523415611422125,0.1938,0.2821549916127371,0.2217866054591516,0.3425233777663226,0.12073677230717098,0.2945824542854503,0.40216168223805265,0.6174635441286981,0.8106483238614968,0.8188431250000001,0.9092656250000001,1.0,1.0,0.7608423322147378,1.0471532199905904,471939.25726103655,0.8336642819585972,shape_change,-1.0,77769.0,-2361131.5,p75,4.0,4.0,False,0.5000165793487632,0.30445999999999995,0.2217866054591516,0.3425233777663226,0.12073677230717098,0.15499300786503933,Q4_underused_stable,5
Fwd IAT Mean,0.0005843796892210596,0.00020476414753687353,0.010616135833313356,0.004385828620212523,48,52,0.00039457191837896654,50.0,2.294841196981423e-06,6.8941744225744134e-06,35,45,4.594507809777918e-06,40.0,6.88452359094427e-06,6.448909663513054e-06,0.7990768749999999,0.5833034160197927,0.5178191213356724,0.5000199521149242,0.0856198803287025,0.9143801196712975,shifted,True,2,54354.0,95330119770371.25,17742491919713.766,0.08783454357271789,0.0364725985779244,0.1915,0.2821549916127371,0.2217866054591516,0.3425233777663226,0.12073677230717098,0.2227662994118999,0.38434844298593573,0.6094675872529817,0.7280717333268921,0.8096518749999999,0.8675525000000001,1.0,1.0,0.9534161895254883,0.32555981500905073,620916.250454383,0.6407155518889005,shape_change,-1.0,37115.5,-201110.33035714284,p75,4.0,4.0,False,0.5000199521149242,0.26306,0.2217866054591516,0.3425233777663226,0.12073677230717098,0.17624327731638662,Q2_fragile_shortcut,-4
Fwd IAT Min,0.019577609009547657,0.0019284023817628176,0.0079237663982218,0.016372414603872655,9,32,0.010753005695655238,20.5,3.1590132391268176e-05,1.6890727335320636e-05,15,32,2.4240429863294406e-05,23.5,7.831992270912115e-06,5.329067505621e-06,0.7981456250000001,0.5811428350000737,0.5180830319566446,0.42752618629966693,-0.09261540452726211,1.092615404527262,flipped,True,2,13106.0,90389819767488.97,8461710331956.064,0.13159334956674784,0.0505680029245168,0.252,0.2940098499493205,0.24031362502142897,0.347706074877212,0.10739244985578303,0.12236512130141183,0.2936919772464024,0.49564144127505844,0.92268902505028,0.7564018750000001,0.9630056250000001,0.9703071237913677,1.0,1.234757042279881,0.015773452724653005,7543.652662382353,0.941906610234788,shape_change,-1.0,15.0,234.0,p75,4.0,4.0,False,0.42752618629966693,0.3464,0.24031362502142897,0.347706074877212,0.10739244985578303,0.26899339366696834,Q2_fragile_shortcut,-23
Fwd IAT Std,0.0004886989463540424,0.00014328984606024227,0.0009092901544108215,0.0023989134477962323,50,55,0.00031599439620714234,52.5,0.0,1.7235436056139974e-06,59,52,8.617718028069987e-07,55.5,0.0,2.43745874240074e-06,0.651348125,0.26630762771436034,0.5247982830816952,0.1353647000690737,0.06009841338058885,0.9399015866194111,restructured,False,0,50987.0,18114083971874.23,32397060386994.19,0.18374670763353818,0.013473550688139824,0.1508,0.48866919951878796,0.5563515495533248,0.4209868494842511,0.1353647000690737,0.1424503166035904,0.4218903461466515,0.3663492246323711,0.8131153378311342,0.6935718749999998,0.9089012500000001,1.0,1.0,0.514916811078044,1.4653867097902942,100073.99351934163,0.7985853111399741,shape_change,0.0,17536.15856345693,-223474.25375601574,p75,2.0,4.0,True,,,0.5563515495533248,0.4209868494842511,0.1353647000690737,0.06828300101500506,Q3_noise,-5
Fwd IAT Total,0.0004401456731401342,0.00016355023859829037,0.0263992372145439,0.011844504258150045,53,54,0.0003018479558692123,53.5,0.0,1.3271285763457226e-05,56,38,6.635642881728613e-06,47.0,0.0,2.889185559112179e-06,0.778018125,0.5383079709430632,0.5191992474866298,0.5000177575736052,0.11002951209842113,0.8899704879015788,shifted,True,1,53766.0,961524472749367.8,1068001900260714.0,0.07684981924909623,0.015381318084103368,0.1867,0.2821549916127371,0.2217866054591516,0.3425233777663226,0.12073677230717098,0.2819978783528194,0.3901785103530409,0.5775844220744693,0.7652563236265532,0.79682875,0.88943125,1.0,1.0,0.7019154815338503,1.0490074319349638,354965.44591774297,0.9878135359202036,identical,-1.0,109696.5,-686167.75,p75,4.0,4.0,False,0.5000177575736052,0.27192,0.2217866054591516,0.3425233777663226,0.12073677230717098,0.15251888009440048,Q3_noise,-1
Fwd PSH Flags,0.01068854438324493,0.0043712142930566545,0.06360774690384617,0.0402337671919538,17,23,0.007529879338150792,20.0,0.00035027312992846893,-5.515339538142427e-06,4,71,0.00017237889519516325,37.5,1.4044175479278148e-05,6.9285595457453874e-06,0.5938593749999999,0.16448791752363112,0.5139021523228694,0.33547334832854675,0.09908086577221312,0.9009191342277869,shifted,False,0,85.0,71.33130968255252,48.59929328532425,0.26424620933104664,0.041773179691349416,0.2022,0.543499205561077,0.623880454865807,0.463117956256347,0.16076249860946001,0.21344277620969346,0.4642034156961709,0.21187610491362696,0.4390012285890078,0.618595,0.7319425,0.5764400844931483,1.0,0.5811276175103208,0.9139997968099159,1.0234345897253552,0.7401703527364745,shape_change,0.0,1.0,4.0,p75,4.0,4.0,False,0.33547334832854675,0.49542,0.623880454865807,0.463117956256347,0.16076249860946001,0.21003464167320832,Q2_fragile_shortcut,-6
Fwd Packet Length Max,0.010813585595221144,0.011695974000295041,0.023632529467023048,0.007696103247847641,16,10,0.011254779797758092,13.0,5.6889667525428234e-05,0.0001294381247844978,10,9,9.316389615496301e-05,9.5,1.8884227876791842e-05,9.944413468974245e-06,0.7242625,0.41666196391211197,0.5273109536123987,0.08715829859149296,-0.6530790569653292,1.6530790569653293,flipped,True,2,2271.0,241851.25710911976,855868.5094250533,0.11404299611498059,0.026459734588889505,0.1822,0.10566682855300674,0.14590325530010095,0.06543040180591252,0.08047285349418844,0.7857641263912039,0.8311388049295909,0.4254848441766046,0.658959141054763,0.7221075,0.8368312499999998,0.9994746159077675,1.0,7.8007614759392965,0.8658706511444212,95.36943088682767,0.8393264895960743,shape_change,7.0,29.0,207.0,p75,4.0,2.0,True,,,0.14590325530010095,0.06543040180591252,0.08047285349418844,0.08715829859149296,Q2_fragile_shortcut,6
Fwd Packet Length Mean,0.0024319942488471064,0.03456476252063399,0.010881096238248776,0.003480126248992097,36,5,0.01849837838474055,20.5,2.2273621498103414e-05,6.221992416403089e-05,19,15,4.224677283106715e-05,17.0,1.280312540429873e-05,1.0296640490363618e-05,0.694041875,0.3575382784394442,0.5237722112738173,0.4987413607210595,0.4674062410147833,0.5325937589852168,shifted,True,2,12057.0,8410.429869225361,30697.91979582356,0.11127622368111839,0.028663993383792885,0.1863,0.10566682855300674,0.14590325530010095,0.06543040180591252,0.08047285349418844,0.6309978393039368,0.7407414287351382,0.34376551623076523,0.9049559599712158,0.677781875,0.9545412500000001,0.9994820457804388,1.0,8.373804927592895,0.9795057271395421,18.161340456396477,0.8338192607340205,shape_change,6.0,4.333333333333343,33.94545454545455,p75,4.0,4.0,False,0.4987413607210595,0.50632,0.14590325530010095,0.06543040180591252,0.08047285349418844,0.08323894329471647,Q1_good,31
Fwd Packet Length Min,0.01235402952470893,0.00030116368641342406,0.009358647193123803,0.001534176359476967,15,51,0.006327596605561177,33.0,3.159013239124597e-05,0.00010875560151668203,16,10,7.0172866953964e-05,13.0,2.6863511865918507e-06,2.1038530878709155e-06,0.5688875,0.09628641689491094,0.5229544979076985,0.08268807721798355,0.2594644181217405,0.7405355818782595,restructured,False,0,132.0,1226.6129535872371,564.6713906931673,0.16349359346796732,0.0064482674193888645,0.0922,0.5631573112427561,0.5218132726337644,0.604501349851748,0.08268807721798355,0.487865602868228,0.3042264613803937,0.26323110757619494,-0.0028730082570630764,0.642880625,0.50025,0.002037162530837739,0.8,0.0018679154080399607,0.8436900745150405,-1.215961101313954,0.869854601538249,shape_change,0.0,0.0,-4.0,p75,2.0,3.0,True,,,0.5218132726337644,0.604501349851748,0.08268807721798355,0.05687811729058647,Q1_good,-36
Fwd Packet Length Std,0.00788643627893873,0.010598674638538554,0.01957328535814041,0.09411124200546021,19,12,0.009242555458738642,15.5,5.354629459615919e-06,1.3836919044962758e-05,33,37,9.595774252289339e-06,35.0,1.1371755666186597e-05,1.0114882555433464e-05,0.6926737499999999,0.3715169591705515,0.5110031137922156,0.45026815278379856,0.17771420217723038,0.8222857978227696,shifted,False,0,15039.0,24058.086029966897,70031.46194357984,0.2314756961784809,0.03094726747006904,0.2021,0.5310497929155493,0.6034438751214309,0.4586557107096678,0.14478816441176312,0.3019054785727637,0.5886418590923272,0.31034577420288867,0.8156872827692471,0.66799,0.9120775,1.0,1.0,0.6064973588886682,0.8788011944203206,33.42469666886966,0.827125053763909,shape_change,0.0,23.11493023999856,73.05663054855036,p75,3.0,3.0,False,0.45026815278379856,0.43344000000000005,0.6034438751214309,0.4586557107096678,0.14478816441176312,0.09714464562322812,Q1_good,7
Fwd Packet/Bulk Avg,0.00034983128283305265,0.0005928703271916519,0.0013824184674331417,0.0002948095056163991,57,43,0.0004713508050123523,50.0,0.0,5.170630816841992e-06,48,47,2.585315408420996e-06,47.5,0.0,0.0,0.5212393750000001,0.028789905306665486,0.5070473138449292,0.3014305378263825,0.0002129632226983552,0.9997870367773016,weak,False,0,32.0,23.756283861096282,585839.7892877492,0.4606732195660978,0.0009391567705316906,0.0345,0.9760333348223535,0.9585811158307778,0.9934855538139293,0.03490443798315157,0.016387567297241806,0.005018198328167362,0.03349390511110982,0.004987887498269561,0.5222200000000001,0.50425125,0.038585321708306974,0.6,0.0,,,,identical,0.0,0.0,0.0,none,2.0,3.0,True,,,0.9585811158307778,0.9934855538139293,0.03490443798315157,0.3014305378263825,Q3_noise,14
Fwd RST Flags,0.0004025800076925227,7.70083208235266e-05,0.010724366628122593,0.00201203423093531,54,59,0.00023979416425802465,56.5,0.0,5.860048259139402e-06,58,46,2.930024129569701e-06,52.0,0.0,2.9045673123807232e-06,0.56964125,0.11634780053412658,0.5129772208340206,0.1617640689986424,-0.068890189854455,1.068890189854455,flipped,True,1,21.0,0.7543616178829536,0.16805645839870356,,,,0.8075878255905875,0.8237152136231166,0.7914604375580583,0.03225477606505833,0.1337713364800692,0.05341033056385417,0.16463763379936383,0.44182057085782633,0.5958406250000001,0.7312675000000001,0.9293311814097402,1.0,,0.5156657963446476,0.0718015665796345,0.6445822454308094,shape_change,0.0,0.0,0.0,none,2.0,1.0,True,,,,,,,Q3_noise,-5
Fwd Seg Size Min,0.010461873475138323,0.010872197950595137,0.009735299279471407,0.05077390841967171,18,11,0.01066703571286673,14.5,5.115859474269513e-06,0.0003740023014864165,34,4,0.00018955908048034302,19.0,1.0921177653544732e-05,3.5348521030925545e-05,0.700080625,0.370453498573467,0.5235945647852988,0.18971370106850532,0.4967123534433096,0.5032876465566904,restructured,False,0,9.0,99.99096405107825,51.40295930749872,0.18971370106850532,0.022371155477766136,0.2065,0.00555878419994761,0.0044562753576258595,0.006661293042269361,0.0022050176846435017,0.577765054504003,0.4549524720767749,0.3679164594958015,0.5703522974377999,0.69415625,0.790945625,1.0,0.8,0.0391465405308269,0.5684105630293972,6.071416708188002,0.6858441372556088,shape_change,0.0,0.0,-4.0,p75,1.0,3.0,True,,,,,,,Q1_good,7
Fwd URG Flags,3.702015651301489e-05,9.788995556300261e-05,9.597671033133251e-06,4.093859651316857e-05,67,56,6.745505603800874e-05,61.5,0.0,-1.7235436056880122e-07,61,66,-8.617718028440061e-08,63.5,0.0,9.281566368912791e-07,0.5,0.0,0.5,0.003385967136072697,1.488212578221045e-06,0.9999985117874218,weak,False,0,2.0,0.0026856760102659063,0.0005588040840572558,,,,0.999971368875063,0.9999557134421608,0.9999870243079652,3.131086580432374e-05,0.0,0.004609236189294131,0.0,0.0,0.5,0.5,0.0,0.0,,,,,identical,0.0,0.0,0.0,none,1.0,1.0,False,,,,,,,Q3_noise,11
ICMP Code,5.9109893554192484e-05,3.6926526926904255e-05,3.3819304555254316e-05,0.0002555300693725458,66,61,4.801821024054837e-05,63.5,1.0769363315121794e-05,0.0002637021716649368,25,5,0.0001372357674900293,15.0,0.0,0.0,0.5,0.0,0.5,0.021451724673566663,0.0005707884488350536,0.9994292115511649,weak,False,0,6.0,0.007101688441790365,0.017778572945287705,,,,0.0007691257289967211,5.5715346958989694e-05,0.0014825361110344525,0.0014268207640754627,0.01553033588921659,0.03675312967515259,-0.0022459783099045613,0.0,0.5005,0.5,0.0,0.0,,,,,identical,0.0,0.0,0.0,none,1.0,1.0,False,,,,,,,Q2_fragile_shortcut,5
ICMP Type,0.00010891373525109005,4.175567051208927e-06,2.645248573474195e-05,5.6653743478397074e-05,64,67,5.654465115114949e-05,65.5,-1.4096853395706432e-06,0.0,65,57,-7.048426697853216e-07,61.0,0.0,0.0,0.50175,0.0035000000000000586,0.5,0.020206550551880857,0.0006216142441069554,0.999378385755893,weak,False,0,5.0,0.008531514409244973,0.13750332594088546,,,,1.3275021964691234e-05,1.9524181412979296e-05,7.025862516403173e-06,1.2498318896576122e-05,0.0159430618457646,0.03898964014067926,-0.002338514746855208,0.0,0.5005,0.5,0.0,1.0,,,,,identical,0.0,0.0,0.0,none,1.0,1.0,False,,,,,,,Q3_noise,-3
Idle Mean,0.0010560305185540397,9.363362508877617e-05,0.0006452061919010088,0.0007524498312441691,44,58,0.0005748320718214079,51.0,1.0769363315121794e-06,8.617718028144002e-07,37,55,9.693540671632899e-07,46.0,3.230808994536538e-06,2.344272752257763e-06,0.570485,0.11069070030683573,0.5170240543439788,0.49657118100318076,0.019110796767114555,0.9808892032328854,shifted,False,0,22273.0,193020798730733.28,493446002481297.5,0.31285082705413536,0.0001178913148578431,0.0717,0.7766620713061455,0.77757623954742,0.7757479030648711,0.0018283364825488757,0.10505529003164549,0.12794506894701352,0.15008343882618583,0.12224920581677046,0.5886168749999999,0.569831875,0.5562615335488861,0.6,0.03065366284668403,1.6474164213726146,2071672.3063091638,0.7620240539940696,shape_change,0.0,0.0,0.0,none,4.0,4.0,False,0.49657118100318076,0.24743999999999997,0.77757623954742,0.7757479030648711,0.0018283364825488757,0.18624319531597658,Q3_noise,-14
Idle Std,0.0001362417418242239,2.065757151403087e-05,0.0007514078748178452,9.728241366426614e-05,62,63,7.844965666912738e-05,62.5,0.0,0.0,38,58,0.0,48.0,0.0,0.0,0.5045599999999999,-0.020328072009776037,0.5144306879412672,0.058991651158255796,0.013665101223158232,0.9863348987768418,stable,False,0,11170.0,7089625593598.514,18347886245610.08,0.40220451412257063,9.090309940540386e-05,0.0239,0.8886568339723235,0.8950503819120365,0.8822632860326106,0.012787095879425836,0.0746711621603974,0.08171391636864614,-0.022440448858093397,0.0011720204987406085,0.49799437500000004,0.5039981250000001,0.024628332713268173,0.4,0.016781590843006084,4.102576685816853,-26167.799334700234,0.9751339157970331,scale_change,0.0,0.0,0.0,none,3.0,4.0,True,,,0.8950503819120365,0.8822632860326106,0.012787095879425836,0.058991651158255796,Q3_noise,-1
PSH Flag Count,0.04240003431278678,0.0008921278623046063,0.027200983565904394,0.02915269269311965,5,39,0.021646081087545694,22.0,0.00012573655103370978,1.5167183729673332e-05,7,35,7.045186738169156e-05,21.0,1.4402866579007122e-05,6.798718691266502e-06,0.6319125000000001,0.22343849067319418,0.526003419459855,0.3864314541405016,0.11441330843116093,0.8855866915688391,shifted,False,0,179.0,796.4011385461553,214.4061609150962,0.26086338261691305,0.04454080577767594,0.1841,0.541742279166322,0.621928036724509,0.4615565216081351,0.16037151511637393,0.24206160409044075,0.4726619443057687,0.26153102995605393,0.4302209731109266,0.6421043750000001,0.7320500000000001,0.9006894279651533,1.0,0.5995040812363543,0.8453852684765278,2.0656471530236833,0.7445351580129871,shape_change,0.0,2.0,8.0,p75,4.0,4.0,False,0.3864314541405016,0.4474600000000001,0.621928036724509,0.4615565216081351,0.16037151511637393,0.18908645233226165,Q1_good,-34
Packet Length Max,0.001330596756057125,0.022175449982653164,0.020972321480536103,0.03337973198370839,43,7,0.011753023369355145,25.0,1.0051405760780342e-05,0.00015310590332204093,28,8,8.157865454141064e-05,18.0,2.686351186591851e-06,8.670184103529591e-06,0.784796875,0.5483484623316922,0.5235195564460916,0.08056337863818137,0.7517681806047963,0.24823181939520367,restructured,True,1,2668.0,5136595.550880364,1070569.4833012682,0.08197083485417427,0.030695649966337557,0.1901,0.10364867125920604,0.14393036057829672,0.06336698194011535,0.08056337863818137,0.8504130249371653,0.8840036059658687,0.3971234976881978,0.9899661611270758,0.711396875,0.99512625,1.0,1.0,5.333865716957789,0.22085395040973285,280.15198365565703,0.6890208033711167,shape_change,11.0,32.0,-287.0,p75,4.0,3.0,True,,,0.14393036057829672,0.06336698194011535,0.08056337863818137,0.06308706683533417,Q1_good,36
Packet Length Mean,0.001406906268371468,0.0038959750319684638,0.010737105688938082,0.04849151047075231,42,25,0.0026514406501699657,33.5,7.179575543414529e-06,3.7573250603188206e-05,32,19,2.2376413073301368e-05,25.5,5.076726552789506e-06,1.116451895256216e-05,0.716889375,0.4010737163064774,0.527303054302304,0.08056337863818137,0.6743808534609435,0.32561914653905655,restructured,True,1,18844.0,86133.49084332617,16499.76135670308,0.055997232586162946,0.05398391416355719,0.1736,0.10364867125920604,0.14393036057829672,0.06336698194011535,0.08056337863818137,0.8381636918805696,0.8045932554628438,0.30289128973178164,0.9837998818254671,0.67445375,0.9922343750000001,1.0,1.0,5.185461402156588,0.2748419839677156,49.984030744369555,0.7399357086069853,shape_change,2.0,-2.5,-60.139607279693536,p75,4.0,3.0,True,,,0.14393036057829672,0.06336698194011535,0.08056337863818137,0.07817576887884439,Q1_good,17
Packet Length Min,0.01852325487132555,2.5960428280088882e-05,0.015687131163159337,0.000547561980430313,10,62,0.00927460764980282,36.0,3.123115361407525e-05,0.00010841089279555553,17,11,6.98210232048154e-05,14.0,3.2308089945365385e-06,9.281566368912792e-07,0.5687506250000001,0.09438576754065599,0.523804552155865,0.08163126129077836,0.25935535924547093,0.7406446407545291,restructured,False,0,119.0,683.2373230174418,552.7513611245055,0.16427518047590237,0.0022464652836273746,0.0978,0.5640532161232078,0.5232375854778186,0.604868846768597,0.08163126129077836,0.486923116166654,0.3039553430641817,0.2032428838142125,-0.0016912348406629477,0.624244375,0.5,0.004959059079197702,0.6,0.0,0.8432828874962038,-1.2295201222718197,0.8697059191498919,shape_change,0.0,0.0,-4.0,p75,4.0,2.0,True,,,0.5232375854778186,0.604868846768597,0.08163126129077836,0.056175671578357886,Q1_good,-52
Packet Length Std,0.006054858173535571,0.0039352475876168755,0.010516208142531692,0.0118161163225125,23,24,0.004995052880576223,23.5,5.26627863373134e-05,2.9644950017197284e-05,11,24,4.115386817725534e-05,17.5,1.9764920300973326e-05,3.990291934772605e-06,0.7679162500000001,0.5187979085243495,0.5177000388998856,0.4968001055203635,0.6982382312387725,0.3017617687612275,shifted,True,1,22984.0,438408.14289597416,57379.7417088597,0.09996121020605106,0.04383988037131514,0.1904,0.11994191882451521,0.16934417798434256,0.07053965966468786,0.0988045183196547,0.8290653520559661,0.8421992663271229,0.41971177733060944,0.9821534314627134,0.7222700000000001,0.9915787500000001,1.0,1.0,7.483671516625529,0.23827576970486017,78.80217334076012,0.7933255629013678,shape_change,10.503061344987378,20.63719084252456,-146.53937619648758,p75,4.0,4.0,False,0.4968001055203635,0.28348,0.16934417798434256,0.07053965966468786,0.0988045183196547,0.07458472352361763,Q1_good,-1
Packet Length Variance,0.004855655982483964,0.0012467937559022715,0.004007882281296229,0.01949271418627585,29,35,0.003051224869193118,32.0,4.4453263973620594e-05,8.617718027847943e-07,12,56,2.2657517888202693e-05,34.0,2.2674234793302348e-05,5.18497378715792e-06,0.785004375,0.549233171029985,0.5230447069691068,0.49696229557019644,0.6981158331896401,0.3018841668103599,shifted,True,1,23264.0,2439916449841.937,2392796799594.375,0.09845970569852851,0.049253179896806554,0.1926,0.11994191882451521,0.16934417798434256,0.07053965966468786,0.0988045183196547,0.8290203885408988,0.8420973028399764,0.4262919374309308,0.9813254644235592,0.7196843749999998,0.9908800000000001,0.9994832177197664,1.0,7.237682870856856,0.05926845593623769,24168.945867182905,0.8665234221023594,shape_change,384.0,2634.4636363636364,-111763.61994152048,p75,4.0,4.0,False,0.49696229557019644,0.28334000000000004,0.16934417798434256,0.07053965966468786,0.0988045183196547,0.07482114070570352,Q1_good,-6
RST Flag Count,0.36040217379341866,0.0003170455576532928,0.0016123155136433215,0.0005736445095965925,1,49,0.18035960967553596,25.0,0.005456332622092616,0.0,2,64,0.002728166311046308,33.0,0.00014161547614453075,0.0,0.5942537499999999,0.15883187651812455,0.517639531654527,0.15398809033860153,-0.10531567369594094,1.1053156736959409,flipped,True,3,21.0,0.8633415800986646,0.2772441966792519,,,,0.6789009748600803,0.7092063658355398,0.6485955838846209,0.060610781950918846,0.46459073853047966,0.026854824054313355,0.26715087337056515,0.8103071476920007,0.6443049999999999,0.909440625,0.95110376149226,1.0,,0.5839694656488553,0.13358778625954207,0.6521702791552906,shape_change,0.0,0.0,0.0,none,2.0,2.0,False,,,,,,,Q2_fragile_shortcut,-48
SYN Flag Count,0.12217739092593093,0.0007386742597351334,0.0584298589343456,0.028058201172470425,2,41,0.06145803259283303,21.5,0.0001794893885872802,1.9476042743834152e-05,5,29,9.948271566555718e-05,17.0,1.972750877922737e-05,4.563323783164875e-06,0.5886931249999999,0.12125868472467691,0.5319363413894664,0.4255474557372787,0.2278070195764453,0.7721929804235547,restructured,False,0,15.0,1.1383761288000533,2.6086224880205866,0.2549040013200066,0.004546201155645635,0.1217,0.48125460209916193,0.5074729994857045,0.45503620471261946,0.052436794773084994,0.5559973913694136,0.3569826836385718,0.17188244751897808,0.3447792611013028,0.60123125,0.6830506250000001,0.6882805286106137,1.0,0.16292887760980365,0.8719597989949753,0.2806030150753769,0.7627670110990523,shape_change,0.0,2.0,0.0,p50,3.0,2.0,True,,,0.5074729994857045,0.45503620471261946,0.052436794773084994,0.4255474557372787,Q1_good,-39
Subflow Bwd Packets,0.0,1.9926983139565058e-07,0.0,3.52127025666283e-08,71,70,9.963491569782529e-08,70.5,0.0,0.0,46,61,0.0,53.5,0.0,0.0,0.501,0.00032717295763893205,0.5008366872626269,0.016324538479635352,0.0,1.0,weak,False,0,2.0,1.5714338091532064e-05,0.0008659933337284196,,,,0.9995587704175326,0.9999842854149603,0.9991332554201048,0.0008510299948555344,0.0,0.004280400240513416,0.0024999999999999467,0.0,0.50125,0.5,0.0,1.0,,,,,identical,0.0,0.0,0.0,none,1.0,1.0,False,,,,,,,Q3_noise,1
Subflow Fwd Packets,0.0025965103169838123,9.674726323462179e-06,4.2650657836910914e-05,0.00016402004186905848,34,66,0.0013030925216536372,50.0,0.0,0.0,49,60,0.0,54.5,0.0,0.0,0.5087499999999999,-0.0017289645998012663,0.5095978878915033,0.03580608751416624,0.0004879924016304407,0.9995120075983696,weak,False,0,2.0,0.025533887300728416,0.01227529536835648,,,,0.9806743764931681,0.9737785481628222,0.9875702048235141,0.013791656660691931,0.020127915736239718,0.0034488978323383387,-0.006324167736018516,0.042566971812080384,0.5032500000000001,0.53025,0.3771975674887945,0.0,,0.5000000000000001,-1.0733490286031426e-18,0.4948979591836735,shape_change,0.0,0.0,0.0,none,1.0,1.0,False,,,,,,,Q3_noise,-32
Total Bwd packets,0.004531900489093882,0.0032600776483295755,0.002790942397361751,0.00604307889357661,31,27,0.003895989068711729,29.0,0.0,8.790072388753512e-06,40,43,4.395036194376756e-06,41.5,0.0,8.13724345681722e-06,0.7243418749999999,0.4234764114548224,0.5218614979907298,0.47036821723216715,-0.16183401397358704,1.161834013973587,flipped,False,0,379.0,1340918.0318528705,39322.25179732757,0.09323352506762536,0.014076847380478208,0.1511,0.01932562350683186,0.02622145183717785,0.012429795176485868,0.013791656660691983,0.32962649398392113,0.49096179138282847,0.47577854944286685,0.8484990547158469,0.746985,0.929339375,1.0,1.0,0.19498341054334434,0.6865137568014832,1.6420324337855674,0.9457619055807802,shape_change,-1.0,2.0,1.0,p50,4.0,4.0,False,0.47036821723216715,0.276,,,,,Q3_noise,4
Total Fwd Packet,0.00232989148638674,0.00035369392287101754,0.054356158095647956,0.0019846684275640317,38,47,0.0013417927046288788,42.5,2.294841196981423e-06,1.5511892450377947e-06,36,54,1.923015221009609e-06,45.0,6.88452359094427e-06,5.52878832552703e-06,0.705940625,0.39497068386281486,0.5139749973151307,0.49789214832746637,0.10986527004484054,0.8901347299551594,shifted,False,0,306.0,757522.9941984515,598269.6840980797,0.07964415562077812,0.006508875870108399,0.1326,0.00044122958246745595,1.5714585039715043e-05,0.0008667445798951969,0.0008510299948554818,0.24572658562937888,0.44710371799389514,0.4507693983940496,0.953716929971179,0.7407818749999999,0.977935625,0.9989112568617158,0.8,0.10661832023186328,0.6436131953639679,1.8321754150796394,0.90451640449178,shape_change,-1.0,3.0,1.0,p50,4.0,4.0,False,0.49789214832746637,0.37182,,,,,Q2_fragile_shortcut,-9
Total Length of Bwd Packet,0.00473170709063634,0.007500475137590925,0.008926617147904777,0.004529830668017008,30,15,0.006116091114113632,22.5,2.800034461953871e-05,4.567390554975163e-05,18,17,3.683712508464517e-05,17.5,1.0254484978207804e-05,7.67896222334257e-06,0.7772175000000001,0.5398489082001412,0.5158492417597079,0.08895392876964384,0.743617578770242,0.25638242122975796,restructured,False,0,8464.0,6903299680238.96,79847640937.31003,0.06614167210836054,0.019641392514330835,0.18,0.12603809716366432,0.1580549153317206,0.09402127899560801,0.0640336363361126,0.8627882296106749,0.8618772872061462,0.5201961944186408,0.983611373587189,0.7682125,0.9923,1.0,1.0,3.6955666122027124,0.3227533376695902,106.67223841157815,0.9672183538314038,shape_change,-21.0,12.0,-2309.0,p75,3.0,4.0,True,,,0.1580549153317206,0.09402127899560801,0.0640336363361126,0.08895392876964384,Q1_good,15
Total Length of Fwd Packet,0.005527530025070372,0.008772881732111607,0.033923889363407844,0.011636870018500405,25,14,0.00715020587859099,19.5,1.2923235978220168e-05,1.154774215779882e-05,24,40,1.2235489068009493e-05,32.0,8.967286979683655e-06,8.085973185624765e-06,0.790595625,0.5532597429336185,0.5312614619172671,0.4953300687553805,0.5943966157238596,0.4056033842761404,shifted,False,0,4328.0,109449273.92929378,2538194538.165795,0.08026324571622857,0.01648772768926987,0.1639,0.10566682855300674,0.14590325530010095,0.06543040180591252,0.08047285349418844,0.7445566707420077,0.798322866587842,0.6326261411834874,0.6636513339751379,0.8250681249999999,0.8418206249999999,0.9942056521111157,1.0,6.870766075435428,0.7328781642589234,199.3078748906543,0.8574993298003705,shape_change,-7.0,17.0,674.0,p75,4.0,4.0,False,0.4953300687553805,0.4075,0.14590325530010095,0.06543040180591252,0.08047285349418844,0.08678759653798268,Q1_good,11
Total TCP Flow Time,0.00781935138238579,0.006700283086512232,0.027528886489183665,0.0181219126159087,20,16,0.0072598172344490106,18.0,-1.988862370736477e-05,1.4994829369126735e-05,70,36,-2.446897169119018e-06,53.0,7.800960029412082e-06,6.853118011755312e-06,0.6777412500000001,0.3179040995889008,0.5275462734700874,0.3331975730175653,0.5718797994384524,0.42812020056154765,shifted,False,0,49027.0,1.4754981861960566e+17,2.5568501684104013e+18,0.1635261790308951,0.020916106877026275,0.1834,0.4373210100073154,0.47677098611402124,0.3978710339006095,0.07889995221341173,0.7714503994927233,0.7413046902490412,0.27339329595289147,0.7971770848041935,0.6512287500000001,0.902435,1.0,1.0,0.6794138213408594,2.0599701620181325,-319418.9380066343,0.8453009320647178,shape_change,0.0,150049.5,2923789.25,p75,4.0,4.0,False,0.3331975730175653,0.13234,0.47677098611402124,0.3978710339006095,0.07889995221341173,0.09381717588587941,Q4_underused_stable,4
