feature,verdict,detected_type,route,c2st_auc,c2st_auc_ci_low,c2st_auc_ci_high,c2st_auc_ci_width,c2st_null_pooled,c2st_calibrated_pooled,c2st_null_benign,c2st_calibrated_benign,c2st_null_attack,c2st_calibrated_attack,c2st_shifted,e1_agreement_rate,wasserstein_qn_null,wasserstein_qn_calibrated,jensen_shannon_null,jensen_shannon_calibrated,mmd_null,mmd_calibrated,energy_distance_null,energy_distance_calibrated,ks_statistic_null,ks_statistic_calibrated,anderson_darling_null,anderson_darling_calibrated,marginal_shift_magnitude,separation_stability,sep_2017,sep_2018,dir_2017,dir_2018,wasserstein_qn,mmd,energy_distance,anderson_darling,ks_statistic,n_modes_2017,n_modes_2018,modality_mismatch,recommended_scale,qq_slope,qq_intercept,qq_r2,qq_shape_class,qshift_p25,qshift_p50,qshift_p75,qshift_dominant,cardinality,variance_2017,variance_2018,flip_detected,collapse_detected
Protocol,shifted,nominal,nominal,0.543953125,0.5264621429575993,0.5614441070424008,0.034981964084801476,0.5120683976964642,0.06534671489406992,0.5184691676404133,0.1643266163702204,0.5008337542087542,-0.0016702936462231889,True,1.0,,,0.015095860959230798,2.956687118520495,,,,,,,,,0.05972959860036494,0.25680169798116653,0.8113611928055116,0.7061927625495504,-1.0,-1.0,,,,,,1,1,False,categorical,0.8297872340425528,1.0212765957446819,0.7191489361702127,shape_change,0.0,0.0,0.0,none,4,30.27214836918063,29.13809825418705,False,False
Dst Port,shifted,nominal,nominal,0.6985849999999999,0.6737545798170435,0.7234154201829563,0.049660840365912895,0.5117771665540694,0.3826282194288625,0.5214608943568131,0.3096972199252008,0.523520603148125,0.43748485921769553,True,1.0,,,0.04542249686479649,7.209976771023929,,,,,,,,,0.37291764414188644,0.6361175168606559,0.7835384844864723,0.5514320469912272,1.0,1.0,,,,,,1,1,False,categorical,0.14220477883375274,731.8585856540583,0.1691592236929309,shape_change,0.0,0.0,2.0,p75,1197,33877522.99608159,3768414.8067178456,False,False
Fwd Packet Length Max,flipped,continuous,structural_change,0.7242625,0.7032826578132212,0.7452423421867789,0.04195968437355768,0.5273109536123987,0.41666196391211197,0.5163008370045098,0.4254848441766046,0.5215565944073545,0.658959141054763,True,1.0,0.012958310076550381,7.8007614759392965,,,0.000730706790610269,10.0,0.0020093259814953856,10.0,0.017289999999999996,9.53788316946212,1.2348131767574753,10.0,0.08715829859149296,-0.6530790569653292,0.7723527247722713,0.558140424838125,-1.0,1.0,0.11404299611498059,0.026459734588889505,0.029012846891734445,569.384268238107,0.1822,4,2,True,symlog,0.8658706511444212,95.36943088682767,0.8393264895960743,shape_change,7.0,29.0,207.0,p75,2271,241851.25710911976,855868.5094250533,True,False
Total Length of Bwd Packet,restructured,continuous,structural_change,0.7772175000000001,0.7542843614541646,0.8001506385458357,0.045866277091671126,0.5158492417597079,0.5398489082001412,0.516911918363898,0.5201961944186408,0.5301619668393373,0.983611373587189,True,1.0,0.014085983134915676,3.6955666122027124,,,0.0011864514807819802,10.0,0.003005882270567628,3.270304932882657,0.016629999999999995,9.823812387251957,1.9513992225285466,10.0,0.08895392876964384,0.743617578770242,0.5161847096939537,0.5291424180134517,0.0,0.0,0.06614167210836054,0.019641392514330835,0.012836033887669462,321.2862631889942,0.18,3,4,True,symlog,0.3227533376695902,106.67223841157815,0.9672183538314038,shape_change,-21.0,12.0,-2309.0,p75,8464,6903299680238.96,79847640937.31003,False,False
Total Bwd packets,flipped,continuous,continuous_multimodal,0.7243418749999999,0.7074514021746419,0.741232347825358,0.0337809456507161,0.5218614979907298,0.4234764114548224,0.5173509215788477,0.47577854944286685,0.5335961444499908,0.8484990547158469,True,1.0,0.07802076936384683,0.19498341054334434,,,1.8425923939835377e-05,10.0,0.02917927131782945,0.025955038493714243,0.017129999999999996,7.820782253356686,2.608449453298205,10.0,0.47036821723216715,-0.16183401397358704,0.551933262536004,0.5886402767833454,-1.0,1.0,0.09323352506762536,0.014076847380478208,0.029936620428102245,172.3161703150191,0.1511,4,4,False,symlog,0.6865137568014832,1.6420324337855674,0.9457619055807802,shape_change,-1.0,2.0,1.0,p50,379,1340918.0318528705,39322.25179732757,True,False
Flow Duration,restructured,continuous,structural_change,0.82277375,0.8097064024894597,0.8358410975105403,0.026134695021080567,0.5151272160722683,0.6344891776264042,0.5324341276500406,0.6031842549425194,0.5133578074539306,0.8238824102949387,True,1.0,0.0017837849689248445,10.0,,,0.00036373911775375853,10.0,0.0009389517379344398,10.0,0.018414999999999997,10.0,2.1189336968362458,10.0,0.07160632103160515,0.32394307660418875,0.643111539964672,0.6075102544655098,-1.0,-1.0,0.07160632103160515,0.005531919488802828,0.015228510405051965,462.304364840843,0.2369,4,3,True,log,1.1090240377289062,4047725.009204365,0.865979475587269,shape_change,1089.0,75799.5,371579.25,p75,67068,962842506605927.4,1342697350592359.8,False,False
Total Fwd Packet,shifted,continuous,continuous_multimodal,0.705940625,0.695519847098838,0.716361402901162,0.020841555802324052,0.5139749973151307,0.39497068386281486,0.5280340821468319,0.4507693983940496,0.5232733052007948,0.953716929971179,True,0.8,0.07197075465377326,0.10661832023186328,,,0.0003015399565143183,10.0,0.023891468117029302,0.0,0.013964999999999998,8.49516648764769,4.868686928690747,10.0,0.49789214832746637,0.10986527004484054,0.5181595293205206,0.5791258960436211,0.0,1.0,0.07964415562077812,0.006508875870108399,0.021666309426547126,197.15773533832564,0.1326,4,4,False,symlog,0.6436131953639679,1.8321754150796394,0.90451640449178,shape_change,-1.0,3.0,1.0,p50,306,757522.9941984515,598269.6840980797,False,False
Total Length of Fwd Packet,shifted,continuous,continuous_multimodal,0.790595625,0.7770369584273713,0.8041542915726287,0.02711733314525744,0.5312614619172671,0.5532597429336185,0.5238314572421142,0.6326261411834874,0.5297160625922985,0.6636513339751379,True,1.0,0.010197640858204293,6.870766075435428,,,0.0008868594213279784,10.0,0.0014263155788947102,10.0,0.016214999999999997,9.107924761023744,0.8367801256740502,10.0,0.4953300687553805,0.5943966157238596,0.7739772399535059,0.5478213566036039,-1.0,0.0,0.08026324571622857,0.01648772768926987,0.01587006109030553,356.4466184567951,0.1639,4,4,False,symlog,0.7328781642589234,199.3078748906543,0.8574993298003705,shape_change,-7.0,17.0,674.0,p75,4328,109449273.92929378,2538194538.165795,False,False
Fwd Packet Length Mean,shifted,continuous,continuous_multimodal,0.694041875,0.6799981916803208,0.7080855583196792,0.028087366639358402,0.5237722112738173,0.3575382784394442,0.5089893430328964,0.34376551623076523,0.5217085680887232,0.9049559599712158,True,1.0,0.011870977104885527,8.373804927592895,,,0.0006391588903728928,10.0,0.0017766094523630647,10.0,0.017839999999999998,9.442825112107624,2.4592909249849977,10.0,0.4987413607210595,0.4674062410147833,0.8149667890232861,0.5435256654278353,-1.0,0.0,0.11127622368111839,0.028663993383792885,0.02893178626393128,483.13779043184394,0.1863,4,4,False,symlog,0.9795057271395421,18.161340456396477,0.8338192607340205,shape_change,6.0,4.333333333333343,33.94545454545455,p75,12057,8410.429869225361,30697.91979582356,False,False
Fwd Packet Length Min,restructured,continuous,structural_change,0.5688875,0.5485522141856444,0.5892227858143556,0.04067057162871124,0.5229544979076985,0.09628641689491094,0.5152898301322725,0.26323110757619494,0.5016816726690676,-0.0028730082570630764,True,0.8,0.16318877064885323,0.0018679154080399607,,,0.00034583681460864603,10.0,0.12090852198049512,0.0,0.019584999999999988,3.707684452387034,2.8944392857028896,10.0,0.08268807721798355,0.2594644181217405,0.8126653257551603,0.7074617784168047,-1.0,-1.0,0.16349359346796732,0.0064482674193888645,0.09682315011075043,243.9097705316983,0.0922,2,3,True,symlog,0.8436900745150405,-1.215961101313954,0.869854601538249,shape_change,0.0,0.0,-4.0,p75,132,1226.6129535872371,564.6713906931673,False,False
Fwd Packet Length Std,shifted,continuous,continuous_multimodal,0.6926737499999999,0.6670151228886765,0.7183323771113233,0.05131725422264677,0.5110031137922156,0.3715169591705515,0.518584839212348,0.31034577420288867,0.5229710607004714,0.8156872827692471,True,1.0,0.1440871937309686,0.6064973588886682,,,0.0005794073075130465,10.0,0.09899304406101528,0.5176431769588776,0.01592499999999999,10.0,2.128234956330507,10.0,0.45026815278379856,0.17771420217723038,0.5441151016589109,0.6231826272771575,0.0,1.0,0.2314756961784809,0.03094726747006904,0.15023611788558938,646.8465229110119,0.2021,3,3,False,symlog,0.8788011944203206,33.42469666886966,0.827125053763909,shape_change,0.0,23.11493023999856,73.05663054855036,p75,15039,24058.086029966897,70031.46194357984,False,False
Bwd Packet Length Max,restructured,continuous,structural_change,0.783151875,0.7586368726783088,0.8076668773216913,0.049030004643382474,0.524976225026066,0.5435004805561594,0.5258365833418649,0.47005216730760474,0.5209066859344755,0.9823038127414979,True,1.0,0.015057665393326966,4.642906501471671,,,0.0005977649541563542,10.0,0.0033874536634158764,4.478150370827523,0.02063499999999999,8.435425248364435,1.9015528109044397,10.0,0.06664964244821225,0.7165299477547088,0.504281153111921,0.5050823032772418,0.0,0.0,0.08496899794498973,0.025697445849089284,0.018556980542402735,474.3227192224267,0.1947,4,3,True,symlog,0.2126251493795042,285.7558060545379,0.6491493373561242,shape_change,11.0,27.0,-275.0,p75,2120,5062597.737624752,330912.3266045104,False,False
Bwd Packet Length Std,shifted,continuous,continuous_multimodal,0.730833125,0.7095538068876983,0.7521124431123016,0.04255863622460332,0.5220747054816803,0.43680136187124863,0.5155929076000525,0.2992954576318321,0.5258167522724686,0.9791931704730548,True,1.0,0.15433424271121354,0.4907175711765815,,,0.00022831964220479942,10.0,0.11732342315578888,0.3712628751476617,0.018609999999999998,9.569586243954866,1.4971161247540266,10.0,0.5000225968274055,0.25569819585255565,0.660580746758794,0.6027102372595186,1.0,1.0,0.23006876744383728,0.006796762144755775,0.1608812545587728,557.3868796360434,0.1967,4,4,False,symlog,0.20274069311375353,96.5959195918349,0.6519647419227292,shape_change,0.0,21.74396467988301,-148.62903703722964,p75,14389,931193.5049979236,51829.097043567424,False,False
Bwd Packet Length Min,shifted,continuous,continuous_multimodal,0.587334375,0.5754127956588404,0.5992559543411595,0.02384315868231912,0.5257778916851562,0.12980517406408096,0.5135113847283399,0.24095474506880765,0.5008401288768874,-0.0016830857716930497,True,0.8,0.16142641563207813,0.027407997040321,,,0.00035717772749395123,8.530041181084131,0.1215970055513878,0.0,0.017559999999999996,4.273348519362188,1.6205078473044958,10.0,0.2977769514898004,0.2623316257253617,0.8101078702414442,0.7114841728469478,-1.0,-1.0,0.16585079035395175,0.003403918451983401,0.09487329855399274,149.6931211532544,0.0926,3,3,False,symlog,0.836023456909625,-3.5783836575023242,0.9608721296646464,shape_change,0.0,0.0,-26.0,p75,344,5498.311121232858,3358.1643466960586,False,False
Bwd Packet Length Mean,shifted,continuous,continuous_multimodal,0.6968587500000001,0.6706152433899187,0.7231022566100814,0.05248701322016269,0.5202708003126338,0.3680992314048145,0.5200852337377487,0.3054118180271964,0.5292656562951732,0.9834274891893341,True,1.0,0.012583963209816047,3.7927803232776585,,,0.0009633682338017199,10.0,0.002284375793948539,4.933201496099729,0.019155,8.506656225528584,1.7557462010610765,10.0,0.49469045904066095,0.7574220042368248,0.5029968205440732,0.5656054270194005,0.0,-1.0,0.060312171260856313,0.0625604879793551,0.013553661878309475,383.4564789602544,0.1821,4,4,False,symlog,0.18845228152543383,72.75569976102388,0.7876817043167466,shape_change,3.0,3.0,-138.47493131868134,p75,12930,449960.3712410878,26573.051363271545,False,False
Flow Bytes/s,restructured,continuous,structural_change,0.7318568750000001,0.7149632485627052,0.7487505014372949,0.033787252874589724,0.5289346413073498,0.4307729913654047,0.5187516540490366,0.574916720813323,0.5226305657131034,0.7966760793032526,True,1.0,0.007367075175375877,6.293282554031069,,,0.0006328670165128604,10.0,0.0015207531382845749,4.581255249376951,0.017984999999999998,7.540450375312761,4.1389161866195465,10.0,0.08056337863818137,0.19119143110141582,0.7183613353082594,0.5248880536860228,-1.0,0.0,0.05373016085080425,0.007630679385305594,0.008487711436057255,277.50053732673,0.1536,2,4,True,symlog,0.2662547243759414,13413.794134927455,0.959835318255689,shape_change,90.74593398852849,-1662.3949411852632,43482.36358031151,p75,82699,15819952251764.084,571894041962.4517,False,False
Flow Packets/s,restructured,continuous,structural_change,0.8146725,0.7894849604633413,0.8398600395366588,0.05037507907331751,0.519061205552978,0.6146547083749244,0.529377889733899,0.6367693500346935,0.523820550306481,0.7595418070357806,True,1.0,0.0021418528042640205,10.0,,,0.0007442907785388579,10.0,0.0006490200050012935,10.0,0.02017999999999999,10.0,1.9754956044049017,10.0,0.07280551562757814,0.1790464301802278,0.6733908180068047,0.6586439857567694,1.0,1.0,0.07280551562757814,0.018944543072651365,0.014061246578732811,524.7101385006732,0.2616,3,4,True,log,0.03268978852206168,916.6780865208951,0.45302394348032793,shape_change,0.08327945817689208,-27.917483058139787,-14732.90511423693,p75,69762,11419660544.687239,7436873289.615097,False,False
Flow IAT Mean,restructured,continuous,structural_change,0.790415,0.7734209221450082,0.8074090778549917,0.03398815570998348,0.5122213027079019,0.5703276892502471,0.5133162204366302,0.5961276433409328,0.5053389325526226,0.7597129978040076,True,1.0,0.0025593527567637836,10.0,,,0.0009583826606392784,10.0,0.0005930645661416764,10.0,0.020169999999999997,10.0,2.484219051467128,10.0,0.07278335041675209,0.17084861266150564,0.6706797542172338,0.6843568952177335,-1.0,-1.0,0.07278335041675209,0.02009157800816075,0.02607363944819724,473.3098361304913,0.2568,3,4,True,log,0.564841162786562,397303.86969749955,0.7111070064037269,shape_change,1147.6666666666667,11814.712121212124,-2146.638888888934,p50,70588,16728943910993.436,6603075485641.539,False,False
Flow IAT Max,shifted,continuous,continuous_multimodal,0.8278762499999999,0.818028111081578,0.8377243889184217,0.01969627783684369,0.5249887610129585,0.6376427842695829,0.5096472543011019,0.6763974987560541,0.5184606474299452,0.8381064297571431,True,1.0,0.0023792720013600063,10.0,,,0.0010280139497241597,8.04964754136159,0.0007754896724181779,10.0,0.017955,10.0,2.5347095278740106,10.0,0.43801523420420957,0.2799799733624046,0.640996828515079,0.6208297700280514,-1.0,-1.0,0.06965174815874081,0.00930316391260666,0.016993574532872646,471.56223282183043,0.2445,4,4,False,log,1.598405282138082,2212764.9071933134,0.7594320483889611,shape_change,1085.0,43218.0,-1515505.25,p75,61899,208560720116044.56,519326787002817.7,False,False
Flow IAT Std,restructured,continuous,structural_change,0.7073,0.6872109067114888,0.7273890932885113,0.040178186577022545,0.51536769875763,0.39603695575046405,0.5192055106953205,0.498234161650047,0.5325927425428184,0.8029060877206443,True,0.8,0.04396893618468093,0.5865023818432448,,,0.0005118802460295052,10.0,0.01918603050762691,0.0,0.01783,5.876051598429614,2.704044043007204,10.0,0.13810681903409516,0.13660659166969985,0.5899208283052095,0.5762264942015809,-1.0,-1.0,0.06975682198410993,0.007204891448121309,0.014734684263421227,240.40677052129257,0.1226,3,4,True,symlog,0.8965624571714855,1030455.3086069176,0.5973752797508864,shape_change,-27.712812921102035,16933.23788222466,-369007.2997864429,p75,64419,36699696894597.91,33645609193051.004,False,False
Flow IAT Min,shifted,continuous,continuous_multimodal,0.806610625,0.7839871458688722,0.8292341041311279,0.045246958262255665,0.5171466509537949,0.5994863132211719,0.5165102686557417,0.6837613808779486,0.5193040062882487,0.8240194923473273,True,1.0,0.03076042879714399,4.148078485180654,,,0.0005345532413117745,10.0,0.006313884921230334,9.052080888820242,0.01874499999999999,10.0,1.2558643317208669,10.0,0.4998947406746754,0.09087824169049265,0.5669249097628339,0.7075951664762907,-1.0,-1.0,0.1583571016855084,0.09741265209141137,0.06346768195090974,919.8335763344584,0.3065,4,4,False,symlog,1.0987063587321602,-4199.994299402953,0.7749733737448053,shape_change,1.0,34.0,438.0,p75,12549,5863418687729.043,1974759657386.2998,False,False
Fwd IAT Total,shifted,continuous,continuous_multimodal,0.778018125,0.7647655942012572,0.7912706557987428,0.026505061597485557,0.5191992474866298,0.5383079709430632,0.5190251955248254,0.5775844220744693,0.5289809220500603,0.7652563236265532,True,1.0,0.04515489757448788,0.7019154815338503,,,0.0005057641807423291,10.0,0.016697274418604604,0.0680919026967985,0.019859999999999992,8.400805639476339,1.1553050471579827,10.0,0.5000177575736052,0.11002951209842113,0.5241106008994791,0.5546964255663269,0.0,-1.0,0.07684981924909623,0.015381318084103368,0.01783422360361797,299.7357549896143,0.1867,4,4,False,symlog,1.0490074319349638,354965.44591774297,0.9878135359202036,identical,-1.0,109696.5,-686167.75,p75,53766,961524472749367.8,1068001900260714.0,False,False
Fwd IAT Mean,shifted,continuous,continuous_multimodal,0.7990768749999999,0.7806605788929643,0.8174931711070356,0.036832592214071314,0.5178191213356724,0.5833034160197927,0.5125932732162105,0.6094675872529817,0.5129322095844543,0.7280717333268921,True,1.0,0.044964582582912915,0.9534161895254883,,,0.000744386682365271,10.0,0.017784851462865764,0.6737335096760357,0.013304999999999997,10.0,2.030978132440954,10.0,0.5000199521149242,0.0856198803287025,0.5247961661480467,0.5864322876530916,0.0,-1.0,0.08783454357271789,0.0364725985779244,0.029767101858009293,368.931793376674,0.1915,4,4,False,symlog,0.32555981500905073,620916.250454383,0.6407155518889005,shape_change,-1.0,37115.5,-201110.33035714284,p75,54354,95330119770371.25,17742491919713.766,False,False
Fwd IAT Std,restructured,continuous,structural_change,0.651348125,0.6322552633993357,0.6704409866006642,0.038185723201328514,0.5247982830816952,0.26630762771436034,0.5164085062119305,0.3663492246323711,0.5125402537438593,0.8131153378311342,True,1.0,0.12129161567807838,0.514916811078044,,,0.00034030149483650326,10.0,0.0801018538134535,0.5332452033499402,0.017894999999999998,7.426934898016206,2.533361202967152,10.0,0.1353647000690737,0.06009841338058885,0.528943945466213,0.5258313268094875,0.0,0.0,0.18374670763353818,0.013473550688139824,0.1228157831389157,361.8718156765652,0.1508,2,4,True,symlog,1.4653867097902942,100073.99351934163,0.7985853111399741,shape_change,0.0,17536.15856345693,-223474.25375601574,p75,50987,18114083971874.23,32397060386994.19,False,False
Fwd IAT Max,shifted,continuous,continuous_multimodal,0.792274375,0.782496706237533,0.802052043762467,0.01955533752493399,0.5091608789733177,0.5767948883831777,0.5264323903786385,0.6174635441286981,0.5208155699998593,0.8106483238614968,True,1.0,0.045031764183820926,0.7608423322147378,,,0.0011150901463075709,10.0,0.014577299924981196,0.4677050872583897,0.01737499999999999,10.0,1.9807987673072263,10.0,0.5000165793487632,0.11846977537325094,0.5178044189977654,0.5642900384526153,0.0,-1.0,0.07929383666918334,0.021523415611422125,0.021395177258386244,318.7142023459069,0.1938,4,4,False,symlog,1.0471532199905904,471939.25726103655,0.8336642819585972,shape_change,-1.0,77769.0,-2361131.5,p75,50506,208524193654730.3,211557146762583.97,False,False
Fwd IAT Min,flipped,continuous,continuous_multimodal,0.7981456250000001,0.7758815172892299,0.8204097327107702,0.044528215421540285,0.5180830319566446,0.5811428350000737,0.5170139957259072,0.49564144127505844,0.5214861146938115,0.92268902505028,True,1.0,0.058884857314286554,1.234757042279881,,,0.0010494106839220568,10.0,0.021397813753438348,0.9230860146901481,0.014639999999999999,10.0,1.9684726812503968,10.0,0.42752618629966693,-0.09261540452726211,0.6576743862661925,0.6389457817014839,-1.0,1.0,0.13159334956674784,0.0505680029245168,0.04114983637418179,643.0988590672006,0.252,4,4,False,symlog,0.015773452724653005,7543.652662382353,0.941906610234788,shape_change,-1.0,15.0,234.0,p75,13106,90389819767488.97,8461710331956.064,True,False
Bwd IAT Mean,restructured,continuous,structural_change,0.7559925000000001,0.7385383204021843,0.7734466795978159,0.03490835919563162,0.5208582768940446,0.49074044644189513,0.5149921296518468,0.6339427958714237,0.5171753693929152,0.6220366807498114,True,1.0,0.05350325161625809,0.7761733069389674,,,0.00039545702689003284,10.0,0.02258030047511879,0.14602679741404137,0.021449999999999997,6.878787878787881,2.5016781594748005,10.0,0.19354636203181022,0.16662336383769047,0.5742115202557717,0.5424769313447648,-1.0,0.0,0.09503104735523678,0.015087837057004005,0.025877629438147143,365.0596184707732,0.169,3,4,True,symlog,0.5316550222475336,897633.1669334746,0.7508326894380145,shape_change,-1.0,23328.5,386093.1911449753,p75,49328,94747266664338.31,42205381497277.83,False,False
Bwd IAT Total,shifted,continuous,continuous_multimodal,0.72238,0.7170388228901151,0.7277211771098849,0.010682354219769818,0.5221739037085705,0.418993641923907,0.5148508392363288,0.5887553434371722,0.5191624233004539,0.6625172763870782,True,1.0,0.0527125196975985,0.6672369434334783,,,0.0008693828670528481,10.0,0.025964124331082784,0.12457761461687698,0.019739999999999994,7.779128672745698,3.2372012524682257,10.0,0.23187880235170708,0.1855293468164476,0.5790281211364164,0.5307770822302074,-1.0,0.0,0.08788426022130114,0.014907670887948976,0.029198673005865095,341.4082870825009,0.1733,4,4,False,symlog,1.1031160196274217,4506833.38822842,0.8473015883237287,shape_change,-1.0,73722.5,2595857.25,p75,49295,941550339691939.9,1329456869952825.5,False,False
Fwd PSH Flags,shifted,continuous,continuous_multimodal,0.5938593749999999,0.5714083026141894,0.6163104473858103,0.04490214477162091,0.5139021523228694,0.16448791752363112,0.5160595911659288,0.21187610491362696,0.5221780979559064,0.4390012285890078,True,1.0,0.16712516207081038,0.5811276175103208,,,0.0007009243229673331,10.0,0.11886807931982996,0.635503819788369,0.016309999999999988,10.0,1.2124082978668114,10.0,0.33547334832854675,0.09908086577221312,0.5392480433703429,0.5694799723372064,0.0,1.0,0.26424620933104664,0.041773179691349416,0.19440919777848872,780.6936056922553,0.2022,4,4,False,symlog,0.9139997968099159,1.0234345897253552,0.7401703527364745,shape_change,0.0,1.0,4.0,p75,85,71.33130968255252,48.59929328532425,False,False
Bwd IAT Std,restructured,continuous,structural_change,0.6455693750000001,0.6412694547331931,0.6498692952668071,0.008599840533614067,0.5220751365059402,0.25839676469478107,0.5189690863529588,0.2921192997382852,0.5191319232926017,0.7413128859545978,True,1.0,0.14288741574707875,0.5165176703875294,,,0.00029759135331104355,10.0,0.1079414035508877,0.39619837296270344,0.01835499999999999,7.678834105148466,2.9701333419656097,10.0,0.1475431884297797,0.10020216548412043,0.5349020617662137,0.5165757893109723,0.0,0.0,0.21669129085645425,0.014102276836549521,0.15070761201306,451.92159141833446,0.1593,3,4,True,symlog,1.9931274729293684,931529.0757330251,0.6794904002824451,shape_change,0.0,354.97957392570754,362109.75028697005,p75,46749,20467126156420.52,60590084073952.47,False,False
Fwd URG Flags,weak,low-cardinality-discrete,nominal,0.5,0.5,0.5,0.0,0.5,0.0,0.5,0.0,0.5,0.0,False,0.0,,,0.0,10.0,,,,,,,,,0.003385967136072697,1.488212578221045e-06,0.5001614380905103,0.5009207980471755,0.0,0.0,,,,,,1,1,False,categorical,,,,identical,0.0,0.0,0.0,none,2,0.0026856760102659063,0.0005588040840572558,False,False
Bwd IAT Max,shifted,continuous,continuous_multimodal,0.7768118749999999,0.7594526398384562,0.7941711101615436,0.03471847032308739,0.5118027043235499,0.5428321152603912,0.5167989318046854,0.6335893861715663,0.5248334216806869,0.7483277329331912,True,0.8,0.05246556750283753,0.6696272195084964,,,0.0004632299138245253,10.0,0.022833782995748914,0.0,0.019679999999999996,6.926829268292684,2.171025135852724,10.0,0.5000186978796605,0.18568511875729007,0.5748262117946669,0.5318203305437426,-1.0,0.0,0.08759793958969796,0.010699172165736792,0.019123385976929863,331.94074196629805,0.156,4,4,False,symlog,1.6059197768963982,2828312.0594586297,0.7231634870689836,shape_change,-1.0,45036.5,826232.5,p75,45146,199040147611960.38,514454624221711.6,False,False
Bwd IAT Min,shifted,continuous,continuous_multimodal,0.8502168749999999,0.8430751713218361,0.8573585786781637,0.014283407356327604,0.5233939867885703,0.6857296785016558,0.5190346822062838,0.7379956613544277,0.5268060471750838,0.8959491140872257,True,1.0,0.0723213047665238,0.6173152573692189,,,0.0008833888464740299,10.0,0.027523848662165517,0.314826010237677,0.018369999999999997,10.0,0.9676617222309228,10.0,0.4496131572691979,0.08194929653884389,0.5479854674103581,0.5230464250112948,0.0,0.0,0.11696634963174816,0.10119163816800669,0.03618907212286071,831.223296744234,0.217,4,4,False,symlog,0.1620317107051258,19406.08448990633,0.9934920083314368,scale_change,0.0,-2.0,26385.25,p75,18101,86631108983428.75,30412095654537.246,False,False
Bwd URG Flags,weak,binary,nominal,0.5,0.5,0.5,0.0,0.5,0.0,0.5,0.0,0.5,0.0,False,0.0,,,0.0,10.0,,,,,,,,,0.00040624895682417095,0.0,0.5,0.5,0.0,0.0,,,,,,1,1,False,categorical,,,,identical,0.0,0.0,0.0,none,1,1.9047972795680935e-06,0.0,False,False
Bwd PSH Flags,restructured,continuous,structural_change,0.6214575000000001,0.6052824385730405,0.6376325614269597,0.03235012285391914,0.5159987416633678,0.21788943007929892,0.5257973349160352,0.192887286004116,0.52038449109286,0.4485283105154764,True,1.0,0.1763689005295027,0.49560839809124685,,,0.0008039909213034989,10.0,0.11460840465116277,0.7578669813951352,0.014549999999999997,10.0,1.346952524278016,10.0,0.21529821259106294,0.10182932772799864,0.5387139346969471,0.5976277257620312,0.0,1.0,0.263778808794044,0.04954447210612112,0.20146633032665168,745.4200606670377,0.1931,4,3,True,symlog,0.7839966476124983,1.0649739975071997,0.7441308555954672,shape_change,0.0,1.0,4.0,p75,137,649.4856753415127,128.93753459448328,False,False
Bwd RST Flags,collapsed,discrete-count,discrete_count,0.5250462499999999,0.5097881196247869,0.540304380375213,0.030516260750426127,0.5126743562500485,0.02538732346352671,0.5146055838943204,0.10661698896513946,0.509797821801963,0.3579218147153055,True,1.0,,,0.01578769053227993,2.8301652722132435,,,,,,,,,0.0604694640051884,0.008951520875827531,0.6810463274516055,0.512360815325321,1.0,0.0,,,,,,2,2,False,categorical,0.8297872340425536,0.04255319148936175,0.7191489361702128,shape_change,0.0,0.0,0.0,none,5,0.1619623580789155,0.14930872765934808,False,True
Fwd RST Flags,flipped,discrete-count,discrete_count,0.56964125,0.5596613132327233,0.5796211867672767,0.01995987353455342,0.5129772208340206,0.11634780053412658,0.5161867575646454,0.16463763379936383,0.518555349821838,0.44182057085782633,True,1.0,,,0.023712584937595812,5.821865664344709,,,,,,,,,0.1617640689986424,-0.068890189854455,0.6993223196568364,0.5864055139096563,1.0,-1.0,,,,,,2,1,True,categorical,0.5156657963446476,0.0718015665796345,0.6445822454308094,shape_change,0.0,0.0,0.0,none,21,0.7543616178829536,0.16805645839870356,True,False
Bwd Header Length,restructured,continuous,structural_change,0.7834118749999999,0.7603270311410844,0.8064967188589154,0.04616968771783103,0.5228928591852734,0.5460388108420555,0.5222849038820792,0.5524045048238979,0.5389465069100033,0.8682677261743582,True,0.8,0.05385033487167435,0.408104837514588,,,0.00043921014334622464,10.0,0.01775673953488365,0.0,0.01453,10.0,1.3908876323272592,10.0,0.07582691703458516,0.6074278903130927,0.6255737592137428,0.6657619596902478,1.0,1.0,0.07582691703458516,0.006479173130242932,0.014875748931244603,309.55094565637324,0.1768,4,3,True,symlog,0.5685993237981632,39.815408345996026,0.9394896920301845,shape_change,-8.0,68.0,-20.0,p50,864,688329.6391778463,368758.3015346967,False,False
Fwd Header Length,shifted,continuous,continuous_multimodal,0.7799862500000001,0.7570777929627854,0.8028947070372148,0.04581691407442934,0.530395039880428,0.5314918523348232,0.5146596415707715,0.5335760336670837,0.5267880396824857,0.9616569813919633,True,0.8,0.05045264950324751,0.3850142039355751,,,0.0003077400460411938,10.0,0.017346031057764447,0.0,0.01568499999999999,10.0,2.296625588783303,10.0,0.5000257479787837,0.5874366952247019,0.6877762666836178,0.6475856391026688,1.0,1.0,0.06987763618818094,0.013059358462324422,0.01471715841079202,475.6031576939205,0.1865,4,4,False,symlog,0.5097047197699023,44.708849020303546,0.8925907584883663,shape_change,-8.0,68.0,-20.0,p50,770,463451.5500364912,219159.35569866898,False,False
Fwd Packets/s,shifted,continuous,continuous_multimodal,0.8058681249999999,0.7858346946279853,0.8259015553720146,0.04006686074402932,0.5098185868668131,0.6039591265626943,0.5108389941024194,0.6401619346639943,0.5300422541777665,0.7315636328553696,True,1.0,0.0026562864114320567,10.0,,,0.000607872479854565,10.0,0.00048401680420114256,10.0,0.014234999999999994,10.0,1.055143140070379,10.0,0.44202298207282686,0.18961852251134778,0.6759096603208044,0.6582480147893821,1.0,1.0,0.0711439502197511,0.02044323776224788,0.02030887352686761,520.002152519774,0.2618,4,4,False,symlog,0.014035364199668013,547.4163238880682,0.310906500201621,shape_change,0.035748766285066624,-15.61710471783698,-7337.688273871644,p75,69572,9280489808.226171,1932788869.6785805,False,False
Bwd Packets/s,restructured,continuous,structural_change,0.8222368750000001,0.8083359862505571,0.836137763749443,0.027801777498885905,0.524649578468609,0.6260377251222005,0.519049131502456,0.6202054888254501,0.519339695034968,0.7334083994946866,True,1.0,0.0021862934364671825,10.0,,,0.0009821570415371238,10.0,0.00115717109277319,9.822411154338619,0.017674999999999996,10.0,1.0099232378247336,10.0,0.06309977059885298,0.180856444960198,0.5711292249693605,0.6575768328265892,1.0,1.0,0.06309977059885298,0.015846183629119714,0.01252338134190678,392.47051621306287,0.2494,3,4,True,symlog,0.13882958122900724,116.88368252311334,0.9045340320213991,shape_change,0.3179403697792025,-11.695823502822414,-5665.389407367358,p75,68271,748565324.2223166,1848015941.9619038,False,False
FIN Flag Count,stable,discrete-count,discrete_count,0.51435125,0.500171952858171,0.5285305471418291,0.028358594283658167,0.5233788964457943,-0.018940928923361296,0.5237905406696846,0.12007995265514297,0.5148998606221015,0.7225508424454349,False,0.0,,,0.02293111970534891,2.321278115272032,,,,,,,,,0.07616062603605858,0.07016042858470399,0.5490850332427935,0.7929111416286192,0.0,1.0,,,,,,3,2,True,categorical,0.8484666986104457,-0.011619549592716874,0.8856011827671362,shape_change,0.0,0.0,-1.0,p75,13,0.9565704622147708,0.7516165499947342,False,False
Packet Length Min,restructured,continuous,structural_change,0.5687506250000001,0.5538739894819459,0.5836272605180542,0.029753271036108364,0.523804552155865,0.09438576754065599,0.5283937634610577,0.2032428838142125,0.5008441896973033,-0.0016912348406629477,True,0.6,0.16506298442992215,0.0,,,0.0005951829306029661,2.774411476067589,0.12977732088022007,0.0,0.014734999999999995,5.637258228707162,1.7327237620723428,10.0,0.08163126129077836,0.25935535924547093,0.8126682955097341,0.7073726077844344,-1.0,-1.0,0.16427518047590237,0.0022464652836273746,0.09588085572177857,214.19696599258523,0.0978,4,2,True,symlog,0.8432828874962038,-1.2295201222718197,0.8697059191498919,shape_change,0.0,0.0,-4.0,p75,119,683.2373230174418,552.7513611245055,False,False
Packet Length Mean,restructured,continuous,structural_change,0.716889375,0.7004833732955043,0.7332953767044958,0.0328120034089916,0.527303054302304,0.4010737163064774,0.5330050461215103,0.30289128973178164,0.5206439288691304,0.9837998818254671,True,1.0,0.009053040500202501,5.185461402156588,,,0.00043986391902648406,10.0,0.0015174384596147502,7.708480821207955,0.019309999999999997,7.990160538581048,2.181684760199893,10.0,0.08056337863818137,0.6743808534609435,0.5071448957648063,0.5652555802082257,0.0,-1.0,0.055997232586162946,0.05398391416355719,0.013214583722918394,363.06817615328777,0.1736,4,3,True,symlog,0.2748419839677156,49.984030744369555,0.7399357086069853,shape_change,2.0,-2.5,-60.139607279693536,p75,18844,86133.49084332617,16499.76135670308,False,False
Packet Length Std,shifted,continuous,continuous_multimodal,0.7679162500000001,0.7525382240235698,0.7832942759764303,0.030756051952860464,0.5177000388998856,0.5187979085243495,0.5213930092835403,0.41971177733060944,0.5281305769002312,0.9821534314627134,True,1.0,0.011782777068885347,7.483671516625529,,,0.001509139575014661,10.0,0.00229583160790186,9.45409059142284,0.019255,8.888340690729681,0.5221947333213809,10.0,0.4968001055203635,0.6982382312387725,0.5149974984495217,0.5553480876928321,0.0,1.0,0.09996121020605106,0.04383988037131514,0.024000831611658002,536.7665671089055,0.1904,4,4,False,symlog,0.23827576970486017,78.80217334076012,0.7933255629013678,shape_change,10.503061344987378,20.63719084252456,-146.53937619648758,p75,22984,438408.14289597416,57379.7417088597,False,False
RST Flag Count,flipped,discrete-count,discrete_count,0.5942537499999999,0.5811343423991591,0.6073731576008408,0.026238815201681698,0.517639531654527,0.15883187651812455,0.5146408898159781,0.26715087337056515,0.5225999614737137,0.8103071476920007,True,1.0,,,0.022382034558736053,5.87998626463105,,,,,,,,,0.15398809033860153,-0.10531567369594094,0.8786688484015611,0.5695301938227161,1.0,-1.0,,,,,,2,2,False,categorical,0.5839694656488553,0.13358778625954207,0.6521702791552906,shape_change,0.0,0.0,0.0,none,21,0.8633415800986646,0.2772441966792519,True,False
SYN Flag Count,restructured,discrete-count,structural_change,0.5886931249999999,0.5611224186985142,0.6162638313014857,0.05514141260297145,0.5319363413894664,0.12125868472467691,0.5184635939604255,0.17188244751897808,0.5162708440322995,0.3447792611013028,True,1.0,0.21919139358196787,0.16292887760980365,,,0.0002462517747252146,10.0,0.1464070098024505,0.20041340870105562,0.0108,10.0,2.2686066998604995,10.0,0.4255474557372787,0.2278070195764453,0.7825284176780092,0.701578854835827,1.0,1.0,0.2549040013200066,0.004546201155645635,0.17574893769468847,177.3235489816474,0.1217,3,2,True,symlog,0.8719597989949753,0.2806030150753769,0.7627670110990523,shape_change,0.0,2.0,0.0,p50,15,1.1383761288000533,2.6086224880205866,False,False
Packet Length Max,restructured,continuous,structural_change,0.784796875,0.7676046572276026,0.8019890927723973,0.034384435544794645,0.5235195564460916,0.5483484623316922,0.5212898099472832,0.3971234976881978,0.5142686601085897,0.9899661611270758,True,1.0,0.012941675513377566,5.333865716957789,,,0.00012448924415289208,10.0,0.001375536984246117,10.0,0.017674999999999996,9.755304101838757,1.4506113848364763,10.0,0.08056337863818137,0.7517681806047963,0.5036403898931683,0.5332416033097667,0.0,0.0,0.08197083485417427,0.030695649966337557,0.017268739643698183,456.8803414151623,0.1901,4,3,True,symlog,0.22085395040973285,280.15198365565703,0.6890208033711167,shape_change,11.0,32.0,-287.0,p75,2668,5136595.550880364,1070569.4833012682,False,False
URG Flag Count,weak,low-cardinality-discrete,nominal,0.5,0.5,0.5,0.0,0.5,0.0,0.5,0.0,0.5,0.0009999999999998899,False,1.0,,,0.005887156282153627,0.0,,,,,,,,,0.003410207761213574,1.488212578221045e-06,0.5001614380905103,0.5009207980471755,0.0,0.0,,,,,,1,1,False,categorical,,,,identical,0.0,0.0,0.0,none,3,0.0026875802379092597,0.0005588040840572558,False,False
Packet Length Variance,shifted,continuous,continuous_multimodal,0.785004375,0.7569254701958118,0.8130832798041882,0.05615780960837635,0.5230447069691068,0.549233171029985,0.5113967481217806,0.4262919374309308,0.511634441313476,0.9813254644235592,True,1.0,0.011952354471772359,7.237682870856856,,,0.00033146500354357393,10.0,0.002608531832958316,9.660722754199881,0.015354999999999999,10.0,1.3837854096226527,10.0,0.49696229557019644,0.6981158331896401,0.5149974703660205,0.5553693565458806,0.0,1.0,0.09845970569852851,0.049253179896806554,0.027808834666673443,555.4665332815215,0.1926,4,4,False,symlog,0.05926845593623769,24168.945867182905,0.8665234221023594,shape_change,384.0,2634.4636363636364,-111763.61994152048,p75,23264,2439916449841.937,2392796799594.375,False,False
PSH Flag Count,shifted,continuous,continuous_multimodal,0.6319125000000001,0.6116720460298968,0.6521529539701034,0.040480907940206645,0.526003419459855,0.22343849067319418,0.5153545517576701,0.26153102995605393,0.529729970120214,0.4302209731109266,True,1.0,0.163090163805819,0.5995040812363543,,,0.0003946051485929746,10.0,0.11974518854713664,0.5896762560149382,0.014739999999999998,10.0,3.8129228677976426,10.0,0.3864314541405016,0.11441330843116093,0.5368528638108269,0.5851913042585384,0.0,1.0,0.26086338261691305,0.04454080577767594,0.19035608300541504,787.4706965936582,0.1841,4,4,False,symlog,0.8453852684765278,2.0656471530236833,0.7445351580129871,shape_change,0.0,2.0,8.0,p75,179,796.4011385461553,214.4061609150962,False,False
CWR Flag Count,restructured,low-cardinality-discrete,structural_change,0.6475,0.6319404464041303,0.6630595535958697,0.03111910719173938,0.5172428731449313,0.2698191691205708,0.5126529751981481,0.2700273482850486,0.5142573937131656,0.40709339417112217,True,1.0,0.37656384980424906,0.3270466635306948,,,0.0002671206670794566,10.0,0.42380591442860716,0.56711470331375,0.011309999999999999,10.0,1.1705530372579693,10.0,0.37405769089491175,5.057364745212853e-05,0.5002043362271111,0.5618755276133958,0.0,1.0,0.4997178004890024,0.06295775413701099,0.6641524798523992,4344.059267993207,0.3009,1,2,True,categorical,,,,identical,0.0,0.0,1.0,p75,9,0.0009464826194026503,0.2642361690024292,False,False
ECE Flag Count,restructured,low-cardinality-discrete,structural_change,0.6405,0.6254280325198641,0.6555719674801358,0.03014393496027168,0.5185062353814457,0.2533652013441946,0.5165992775872288,0.24818714960530544,0.5131138427402373,0.4079724886361611,True,1.0,0.3715528970694853,0.3451378204589897,,,0.0008743905131303406,10.0,0.4447326350587647,0.49283319018845106,0.011289999999999994,10.0,3.974605249334676,10.0,0.29103277580738485,2.5700872191156457e-05,0.5001460141608112,0.5388652312429719,0.0,0.0,0.4997898541492708,0.09096744880843555,0.6639116383756919,4223.135330684749,0.2877,1,2,True,categorical,,,,identical,0.0,0.0,1.0,p75,5,0.0030604700902672147,0.5119072155932524,False,False
Down/Up Ratio,flipped,continuous,structural_change,0.6191937500000001,0.5974953066514123,0.6408921933485879,0.043396886697175674,0.51975610207352,0.2070565567950286,0.515159298099181,0.2076727500518635,0.5198425531922366,0.5551810631700762,True,0.8,0.1791088656793284,0.030778835028083082,,,3.827037362267291e-05,10.0,0.14412733163290817,0.0,0.014789999999999989,4.4225828262339455,4.190586671441889,10.0,0.18462162790813955,-0.07115557284249949,0.6518617121653019,0.551995358323093,-1.0,1.0,0.18462162790813955,0.0079580664126222,0.14221766032330158,47.8492992993116,0.0802,4,3,True,symlog,0.8611426253631043,0.15071590275908092,0.9467036732833466,shape_change,0.017857142857142905,0.0,0.0,p25,1458,0.06843224810378194,0.1129812327102123,True,False
ACK Flag Count,shifted,continuous,continuous_multimodal,0.6973493749999999,0.6735494881308878,0.7211492618691121,0.04759977373822433,0.5262901839904849,0.36110543887500757,0.5214066650806544,0.27769313783223243,0.5237359786106551,0.9506563083823872,True,1.0,0.10897622343111714,0.5045825837622191,,,0.0004359895203798197,10.0,0.06891397279319832,0.16936372659615104,0.01765,9.011331444759207,1.6710040955109942,10.0,0.39863876609190296,0.3707220314981956,0.6541635230298163,0.6265881209003952,1.0,1.0,0.1639637278186391,0.013617143350024286,0.08058550004000015,197.12088150068502,0.1767,4,4,False,symlog,0.6596876144286709,3.578966701509864,0.9226366255792711,shape_change,0.0,7.0,2.0,p50,509,4112314.3628804637,66453.20872766238,False,False
Average Packet Size,restructured,continuous,structural_change,0.697305,0.6834790386784215,0.7111309613215784,0.027651922643156857,0.511625233312046,0.3801993455705987,0.526273019048438,0.30817746681498276,0.5250894203258004,0.9832731669076534,True,1.0,0.00862415560577803,5.440242528909918,,,0.0008420369788819878,10.0,0.0012785958489621883,7.79198330816682,0.01967499999999999,8.133418043202036,0.7075211251807543,10.0,0.08056337863818137,0.6743706230228449,0.5071447974221028,0.5652567308172624,0.0,-1.0,0.055541653708268544,0.04764072611544945,0.011241393361966945,345.19570573107075,0.1797,4,3,True,symlog,0.27534906375298474,49.70341996869057,0.7422357608051975,shape_change,2.0,-2.5,-60.611111111111114,p75,17386,86133.49084332616,16499.76135670308,False,False
Fwd Segment Size Avg,shifted,continuous,continuous_multimodal,0.702234375,0.685386684022618,0.7190820659773819,0.03369538195476385,0.5195477207872085,0.3802389167809107,0.5198047581346351,0.32556078910335545,0.5118009816261391,0.9011929598697803,True,1.0,0.011348273386366932,8.82170080874412,,,0.0007945539932799892,10.0,0.0016272293073268103,10.0,0.018375,9.17687074829932,0.837249694240272,10.0,0.4986761326492714,0.4674062410147833,0.8149932637938758,0.5435267589518332,-1.0,0.0,0.11145934589672947,0.03236988672980634,0.031710578932894584,516.0805096468907,0.187,4,4,False,symlog,0.9709911822923135,18.363061979527735,0.8320640258249976,shape_change,5.52,4.25,33.68571428571428,p75,10351,8410.429869225361,30697.919795823564,False,False
Fwd Bytes/Bulk Avg,weak,continuous,continuous_multimodal,0.5187349999999998,0.507305176407524,0.5301648235924756,0.022859647184951593,0.505433043190933,0.026896169721670745,0.5064065499353724,0.03021530180895809,0.502479043183119,0.015067871441725129,True,0.6,0.4770100142800714,0.0,,,3.5807580364810447e-06,10.0,0.6285800541635409,0.0,0.004119999999999999,7.276699029126216,6.7506776205668455,10.0,0.4743139010112813,0.00030784469167840096,0.5211375559483882,0.5011261820793496,0.0,0.0,0.4606820575102875,0.0013403656130308583,0.5721637977339886,341.2694194365172,0.0341,3,3,False,symlog,,,,identical,0.0,0.0,0.0,none,653,7051096.883168818,2328969384.6911654,False,False
Bwd Segment Size Avg,shifted,continuous,continuous_multimodal,0.7093612499999999,0.683485671412944,0.7352368285870559,0.05175115717411183,0.5299897235826533,0.38163320126658956,0.5236997223657194,0.3153098154387294,0.5305728434362288,0.9784777577122821,True,1.0,0.01273302777013885,3.7037690522100157,,,0.0009285414667798087,10.0,0.0020811584396098425,6.052904550271031,0.021174999999999996,7.453364817001182,2.2488218229975923,10.0,0.4939570826086875,0.7574330253534359,0.5029968178534384,0.5656054367602118,0.0,-1.0,0.05989322196610983,0.058003472099910525,0.014678211828559218,398.2400585386729,0.179,4,4,False,symlog,0.18870699188668646,73.00342632218143,0.7875333215758156,shape_change,3.0,3.0,-137.2767857142857,p75,12284,449960.3712410878,26573.05136327154,False,False
Fwd Packet/Bulk Avg,weak,discrete-count,structural_change,0.5212393750000001,0.51698377231185,0.5254949776881501,0.008511205376300124,0.5070473138449292,0.028789905306665486,0.5056627138446286,0.03349390511110982,0.5017661154359688,0.004987887498269561,True,0.6,0.4766544441622208,0.0,,,5.9122188529103754e-05,10.0,0.6295466458614655,0.0,0.0052,5.634615384615386,3.919687047653196,10.0,0.3014305378263825,0.0002129632226983552,0.5212190918703814,0.5011283013856929,0.0,0.0,0.4606732195660978,0.0009391567705316906,0.5935064221146105,303.74175256560164,0.0345,2,3,True,symlog,,,,identical,0.0,0.0,0.0,none,32,23.756283861096282,585839.7892877492,False,False
Subflow Fwd Packets,weak,binary,nominal,0.5087499999999999,0.5047929569023958,0.5127070430976041,0.00791408619520828,0.5095978878915033,-0.0017289645998012663,0.5063717876143579,-0.006324167736018516,0.5093651606221797,0.042566971812080384,False,0.0,,,0.008109436308714774,3.4153608402704103,,,,,,,,,0.03580608751416624,0.0004879924016304407,0.5451524369079763,0.5027019161923918,0.0,0.0,,,,,,1,1,False,categorical,0.5000000000000001,-1.0733490286031426e-18,0.4948979591836735,shape_change,0.0,0.0,0.0,none,2,0.025533887300728416,0.01227529536835648,False,False
Bwd Bytes/Bulk Avg,collapsed,continuous,structural_change,0.550739375,0.5360644715483953,0.5654142784516047,0.02934980690320943,0.5113738474094653,0.08056369349416041,0.5058368522278118,0.015995522547205765,0.5097499957764489,0.24732280097699266,True,0.6,0.40705446397731987,0.0,,,0.00027188164041513907,9.467222874889442,0.5086368589147287,0.0,0.008924999999999995,8.490196078431378,2.886955694662076,10.0,0.18237833849169244,0.008864136269725473,0.5551459705052607,0.5327071057968649,1.0,0.0,0.37822885114425564,0.00284584572581581,0.4339794606848034,412.66288703447725,0.0847,3,4,True,symlog,0.29949405001917095,-164.02148756054203,0.8303554429529854,shape_change,0.0,0.0,0.0,none,4167,91579981213.895,21268240592.40444,False,True
Fwd Bulk Rate Avg,weak,continuous,continuous_multimodal,0.5167075000000001,0.5072518217732731,0.5261631782267271,0.018911356453453987,0.50430725494098,0.02501599061641219,0.5082633370380661,0.03256654255851875,0.5026147569232138,0.007291115141159206,True,0.6,0.47654598914494567,0.0,,,4.5982772023878116e-05,10.0,0.6188289436859216,0.0,0.004,7.6,2.6619354394726926,10.0,0.4991309697945967,0.0003828786235795783,0.5214994015355453,0.5011373913108634,0.0,0.0,0.4597901376506883,0.0005618842068286778,0.5806079297346486,339.9495125905164,0.0344,4,4,False,symlog,,,,identical,0.0,0.0,0.0,none,2162,17142616378001.055,16205651922903.504,False,False
Bwd Packet/Bulk Avg,collapsed,continuous,structural_change,0.535801875,0.5215582010570065,0.5500455489429935,0.028487347885987058,0.5114266458819713,0.04989062320443323,0.5116514824156109,0.0037225311819954377,0.5109539014416266,0.23626831682940358,True,0.6,0.40743573023365115,0.0,,,0.00020439683564790198,10.0,0.49922288352088007,0.0,0.007459999999999996,10.0,1.2934702666123157,10.0,0.17836059000294996,0.006270037569508751,0.5479247946709287,0.5327076913555989,0.0,0.0,0.3765229893149466,0.004959889214013025,0.4083048113065564,432.87684390926506,0.0879,4,3,True,symlog,0.4709840467540674,-0.08238824830200606,0.8882298593455682,shape_change,0.0,0.0,0.0,none,192,12329.58879252668,10274.161541939302,False,True
Bwd Bulk Rate Avg,collapsed,continuous,continuous_multimodal,0.55796625,0.5441235628589614,0.5718089371410386,0.02768537428207729,0.5118708062082027,0.09443287633285562,0.5033972564110983,0.07397561544547768,0.5158542714030157,0.23473454764605825,True,0.6,0.40605335902179507,0.0,,,0.00020226948354511441,10.0,0.4888279719929982,0.0,0.010679999999999995,6.406367041198505,2.4953855240315823,10.0,0.5000568347900514,0.008296535956093847,0.5634120241444117,0.5327088437407379,1.0,0.0,0.3782750780753904,0.0033827675849444905,0.40922280323901616,341.8428426639228,0.0791,4,4,False,symlog,1.9353487326820764,-1175237.7079719147,0.34059445868030536,shape_change,0.0,0.0,0.0,none,7002,94165476641607.02,3.364678975201324e+16,False,True
Subflow Bwd Packets,weak,binary,nominal,0.501,0.4992997815483544,0.5027002184516456,0.0034004369032911708,0.5008366872626269,0.00032717295763893205,0.5,0.0024999999999999467,0.5,0.0,True,1.0,,,0.008861842279205417,0.8421156645883191,,,,,,,,,0.016324538479635352,0.0,0.5,0.5004416666666667,0.0,0.0,,,,,,1,1,False,categorical,,,,identical,0.0,0.0,0.0,none,2,1.5714338091532064e-05,0.0008659933337284196,False,False
Subflow Fwd Bytes,shifted,continuous,continuous_multimodal,0.698304375,0.6890781138148556,0.7075306361851443,0.018452522370288715,0.5241064038644253,0.3660439487946973,0.5199694684475149,0.34892292373734546,0.5238240875873204,0.889258363085155,True,1.0,0.02026412000560003,4.452300065326356,,,0.0011516760288581493,10.0,0.002496024506126653,8.258732177263049,0.016259999999999997,9.719557195571959,1.2709738199459033,10.0,0.35358691038170353,0.3390795100080295,0.800874394405363,0.5434602416720227,-1.0,0.0,0.11048606283031417,0.03817576886978791,0.023110022410111952,458.70964286244197,0.1743,4,4,False,symlog,0.9181550074063807,10.55966841364153,0.7969451695033389,shape_change,3.0,1.0,16.0,p75,495,2105.0085648696318,5580.249503379697,False,False
Fwd Seg Size Min,restructured,low-cardinality-discrete,structural_change,0.700080625,0.6858422570538288,0.7143189929461712,0.028476735892342342,0.5235945647852988,0.370453498573467,0.5161339753349131,0.3679164594958015,0.5134283885301697,0.5703522974377999,True,0.8,0.18256684083420413,0.0391465405308269,,,0.0003298385499191702,10.0,0.10590319949987505,0.0,0.013649999999999997,10.0,2.7121002544797888,10.0,0.18971370106850532,0.4967123534433096,0.8406330623864048,0.8645508967651625,1.0,1.0,0.18971370106850532,0.022371155477766136,0.0861935118200591,338.85977565059625,0.2065,1,3,True,categorical,0.5684105630293972,6.071416708188002,0.6858441372556088,shape_change,0.0,0.0,-4.0,p75,9,99.99096405107825,51.40295930749872,False,False
FWD Init Win Bytes,shifted,continuous,continuous_multimodal,0.7557843750000001,0.7457261638642757,0.7658425861357244,0.02011642227144872,0.5245766887027321,0.486319624644364,0.5265869362319348,0.43752212311053124,0.5292861983723982,0.9546858411071724,True,1.0,0.15943020953604764,0.15558285603600333,,,0.0005477280621210883,8.584123475946011,0.0893303206301575,0.05749390665969705,0.012584999999999999,10.0,2.1820500171266426,10.0,0.5000235993769765,0.3955908808628803,0.7676772145270065,0.8286989555408286,1.0,1.0,0.18423481687408438,0.005249493378609138,0.09446626974634859,360.69705201428513,0.2204,4,4,False,symlog,0.5259114649778704,1142.8634715302933,0.6048649392742882,shape_change,0.0,7680.0,-21008.0,p75,605,236089317.46051937,126753414.70823501,False,False
Fwd Act Data Pkts,shifted,continuous,continuous_multimodal,0.6802650000000001,0.667727567516903,0.6928024324830973,0.025074864966194266,0.5189920791407233,0.3352812165154733,0.5080219221417982,0.4121231961002949,0.5236777394698995,0.44271185288594056,True,1.0,0.12012772271361355,0.15126696295658376,,,0.0015341292613413537,10.0,0.05702678729682423,0.04659043854773393,0.014999999999999994,10.0,2.2466746277374092,10.0,0.4555765641597707,0.15300857653608094,0.6929354194497921,0.543945088022521,-1.0,0.0,0.1382990784953925,0.021938839438218727,0.05968369032595161,345.4484380327046,0.1936,4,4,False,symlog,1.0177340712243088,0.6719608286872255,0.8410672697860901,shape_change,0.0,0.0,3.0,p75,106,126.75879923473384,593411.9517598768,False,False
Subflow Bwd Bytes,shifted,continuous,continuous_multimodal,0.7229875,0.6948952304162813,0.7510797695837187,0.056184539167437375,0.5181379747640027,0.4251207078118886,0.5210706663253153,0.2670669756084844,0.5180070834789975,0.983762728181797,True,1.0,0.013898740998704995,3.4717172125149807,,,0.0008026511254843414,10.0,0.002395285421355386,5.027670727144138,0.017044999999999994,9.079202112056326,3.932102730184188,10.0,0.4820546154385399,0.612342558433523,0.5070855905069023,0.56025613573973,0.0,-1.0,0.06215123935619678,0.054797193549431134,0.014437991817458973,350.7205721829975,0.1718,4,4,False,symlog,0.217652836407489,32.913976373984326,0.6886931567593766,shape_change,3.0,0.0,-70.0,p75,1176,84291.40855332479,9477.8901883813,False,False
Bwd Init Win Bytes,restructured,continuous,structural_change,0.7364531249999999,0.718953571006961,0.7539526789930389,0.03499910798607786,0.5117506306923219,0.4602207569183325,0.523057049466836,0.35248413955009117,0.5395127558778382,0.9832609369784083,True,1.0,0.17196876607383035,0.28071850398314907,,,0.000638010738169514,10.0,0.1447964650162541,0.1878168979065384,0.018854999999999997,7.029700344736146,2.6593360193192015,10.0,0.14971398626993135,0.23367224708594117,0.5666962235258348,0.6576412105968924,1.0,1.0,0.22024358081790413,0.019793897669214466,0.17199168790343955,297.57488245252546,0.1514,4,3,True,symlog,2.704993848621743,8569.307925356421,0.14082809440512534,shape_change,0.0,0.0,8.0,p75,2215,19563551.16309019,517186553.14288133,False,False
Active Mean,shifted,continuous,continuous_multimodal,0.53498125,0.5233231592518258,0.5466393407481741,0.023316181496348287,0.5199467351750434,0.03131843052965931,0.5128035654696865,0.09571382552351596,0.5119611031970663,0.0792511561195321,True,0.6,0.3039900718153591,0.022062894453927822,,,0.0008430670368117616,0.0,0.33809926916729177,0.0,0.015659999999999997,2.2694763729246494,1.8518250200562973,8.460396518767777,0.4921213837107164,0.012689282396616649,0.5364342701451194,0.5870696897870786,0.0,-1.0,0.3106969726848633,0.00024483544701681126,0.3130143212266063,17.518998973107664,0.0512,4,4,False,symlog,2.206127080277037,71835.8300438632,0.7519706581420151,shape_change,0.0,0.0,0.0,none,21571,614804989502.3347,2391337071199.402,False,False
Active Std,stable,continuous,structural_change,0.504680625,0.4927170080339893,0.5166442419660107,0.02392723393202134,0.5076786934483309,-0.006089658132673772,0.5198806252067949,-0.022011453321055204,0.5033515260560653,0.005322625725480695,False,0.2,0.3995999283446417,0.011835295170114673,,,0.00023379796013240893,0.0,0.47775610357589404,0.02287103852620753,0.009384999999999998,0.779435269046351,3.5007098909716277,4.742311902277927,0.06033463107315536,0.013981388168389465,0.5589544383703363,0.5592889549746961,-1.0,-1.0,0.4043293114465572,0.00020302504875391314,0.4886828818269091,20.10216807334844,0.0167,4,3,True,symlog,0.8181524496665852,249.4276117047773,0.9980791476938718,scale_change,0.0,0.0,0.0,none,10787,223216376539.75632,323842579431.5756,False,False
Active Max,restructured,continuous,structural_change,0.5384881250000001,0.5275174318174127,0.5494588181825875,0.02194138636517473,0.5130409001944386,0.052257417133640904,0.5243121756404365,0.048061350719547674,0.5108206422449688,0.09464572047256418,True,1.0,0.3049419078695393,0.01325036158913717,,,0.00021690829288980516,0.4673015364068019,0.3162614519629907,0.019259414075014587,0.012149999999999998,2.6790123456790127,4.48387624052951,2.383478373791669,0.10962120310601552,0.014344366214351504,0.5408598167475875,0.5877657277745771,0.0,-1.0,0.30898249841249203,0.0003182698714165877,0.3223524622223113,15.171098290589887,0.0447,4,2,True,symlog,1.3769094306194172,95226.89959936168,0.8000280474248848,shape_change,0.0,0.0,0.0,none,21503,1486532802986.5872,3493627364718.9717,False,False
Active Min,shifted,continuous,continuous_multimodal,0.5931206249999998,0.5798586637649487,0.606382586235051,0.02652392247010238,0.5186547169070611,0.15470372455807518,0.5174988278551735,0.17522480156680184,0.5099588512626566,0.09626466850568088,True,0.6,0.30415261152305756,0.01637173198214614,,,0.0003161153050913023,0.0,0.3365852688672167,0.0,0.014819999999999998,2.6504723346828616,3.1872700560027547,6.068087027565715,0.48610216259255046,0.01899040134138074,0.5342311993572073,0.5867743511398691,0.0,-1.0,0.30913211656058287,0.0,0.3126030605253026,22.527902136181723,0.0541,4,4,False,symlog,3.3129319940875512,66972.98271594179,0.708934014505547,shape_change,0.0,0.0,0.0,none,18717,490800208726.2751,2182594857286.7146,False,False
Idle Min,shifted,continuous,continuous_multimodal,0.5553418750000001,0.5436496162634816,0.5670341337365186,0.023384517473036937,0.5146256464825982,0.0838862379570331,0.5104874416820195,0.09679921896344962,0.5096108264394716,0.15132710418895245,True,0.6,0.30233053691268463,0.014827634680940125,,,0.00038648148114888125,0.0,0.3250153585396349,0.0,0.014239999999999987,3.157303370786521,2.4752374499717416,10.0,0.4879006645033783,0.017250449710042994,0.5434536305072251,0.5902527724124687,0.0,-1.0,0.3068133836669184,0.0,0.3131028003615016,29.99486481005317,0.0592,4,4,False,symlog,1.6324327514809622,2021121.039992061,0.7353104258043226,shape_change,0.0,0.0,0.0,none,21825,186002605582448.88,483291614779104.3,False,False
Idle Mean,shifted,continuous,continuous_multimodal,0.570485,0.5551228757543663,0.5858471242456338,0.030724248491267536,0.5170240543439788,0.11069070030683573,0.5159723391766345,0.15008343882618583,0.5099199820146185,0.12224920581677046,True,0.6,0.3035460294101471,0.03065366284668403,,,0.00043735917552360987,0.0,0.3348021658414602,0.0,0.013259999999999996,4.407239819004527,2.722935995426808,10.0,0.49657118100318076,0.019110796767114555,0.546179875632131,0.5909558993238602,0.0,-1.0,0.31285082705413536,0.0001178913148578431,0.3131071032480163,36.07971025797918,0.0717,4,4,False,symlog,1.6474164213726146,2071672.3063091638,0.7620240539940696,shape_change,0.0,0.0,0.0,none,22273,193020798730733.28,493446002481297.5,False,False
ICMP Code,weak,low-cardinality-discrete,nominal,0.5,0.5,0.5,0.0,0.5,0.0,0.5016193521252029,-0.0022459783099045613,0.5,0.0,False,0.0,,,0.013771135543862703,0.5577309950396153,,,,,,,,,0.021451724673566663,0.0005707884488350536,0.5000248709167936,0.500748129125969,0.0,0.0,,,,,,1,1,False,categorical,,,,identical,0.0,0.0,0.0,none,6,0.007101688441790365,0.017778572945287705,False,False
Idle Max,shifted,continuous,continuous_multimodal,0.587686875,0.5604969069301748,0.6148768430698253,0.05437993613965042,0.5282741704074884,0.12594753321825486,0.513142640282434,0.1691380608179291,0.5063015515397404,0.13926329660279213,True,0.6,0.3039084675723379,0.02682351793153246,,,0.0010637348162793481,0.0,0.3252273766441609,0.0,0.011534999999999995,5.155179887299525,3.1058558314011724,10.0,0.5000284770474998,0.022737013797822603,0.5465066624490966,0.5907450853583676,0.0,-1.0,0.31206036180180907,0.0,0.3212592092660464,38.73206462404948,0.071,4,4,False,symlog,1.5973611652707014,2280562.191739078,0.7654651279615795,shape_change,0.0,0.0,0.0,none,21762,210143077468142.1,523885889228684.9,False,False
ICMP Type,weak,low-cardinality-discrete,nominal,0.50175,0.5003617774474011,0.503138222552599,0.002776445105197922,0.5,0.0035000000000000586,0.5016653628977323,-0.002338514746855208,0.5,0.0,True,1.0,,,0.011901931173437288,0.6977539407199569,,,,,,,,,0.020206550551880857,0.0006216142441069554,0.5000248542012246,0.5007485667131784,0.0,0.0,,,,,,1,1,False,categorical,,,,identical,0.0,0.0,0.0,none,5,0.008531514409244973,0.13750332594088546,False,False
Idle Std,stable,continuous,structural_change,0.5045599999999999,0.4913119620281627,0.517808037971837,0.02649607594367437,0.5144306879412672,-0.020328072009776037,0.5090123580687149,-0.022440448858093397,0.5034161185115514,0.0011720204987406085,False,0.4,0.3955662826164131,0.016781590843006084,,,0.00013628549937874098,0.0,0.4849255871967992,0.0,0.012074999999999999,0.9792960662525882,2.963070862556261,10.0,0.058991651158255796,0.013665101223158232,0.5599739072659249,0.5569626936367804,-1.0,-1.0,0.40220451412257063,9.090309940540386e-05,0.4763490228676145,33.11360920983669,0.0239,3,4,True,symlog,4.102576685816853,-26167.799334700234,0.9751339157970331,scale_change,0.0,0.0,0.0,none,11170,7089625593598.514,18347886245610.08,False,False
Total TCP Flow Time,shifted,continuous,continuous_multimodal,0.6777412500000001,0.6633697622436256,0.6921127377563745,0.028742975512748847,0.5275462734700874,0.3179040995889008,0.5199999558806881,0.27339329595289147,0.5189646105529538,0.7971770848041935,True,1.0,0.09737098560992806,0.6794138213408594,,,0.0004354918752165197,10.0,0.05966019459864978,0.41361882610721223,0.016204999999999997,10.0,1.390034432539882,10.0,0.3331975730175653,0.5718797994384524,0.6861415591421717,0.5073499818227027,1.0,0.0,0.1635261790308951,0.020916106877026275,0.08433677425387115,261.31434238937067,0.1834,4,4,False,symlog,2.0599701620181325,-319418.9380066343,0.8453009320647178,shape_change,0.0,150049.5,2923789.25,p75,49027,1.4754981861960566e+17,2.5568501684104013e+18,False,False
